City,Clinic,Location,Fee,Experience,Phone,Timestamp
agra,Dr. Sameer Sharma,"Param Child Care, Tajganj, Agra",250,14 years,N/A,2025-05-29 03:50:07
agra,Dr. Amit Saxena,"Dr. Saxena Multispeciality Clinic, Nehru Nagar, Agra",500,22 years,N/A,2025-05-29 03:50:07
agra,Dr. Neha Garg,"Dr Neha Gargs Clinic, Avas Vikas Colony, Agra",250,15 years,N/A,2025-05-29 03:50:07
agra,Dr. R. N. Goel,"Agra Hospital, Civil Line, Agra",150,51 years,N/A,2025-05-29 03:50:07
agra,Dr. Arun Jain,"Dr. Arun Child Hospital, Shahaganj, Agra",400,31 years,N/A,2025-05-29 03:50:07
agra,Dr. J. N. Tondon,"Dr. J. N. Tandon, Shahaganj, Agra",200,36 years,N/A,2025-05-29 03:50:07
agra,Dr. U. P. S. Mehta,"Family Clinic, Rajpur, Agra",200,45 years,N/A,2025-05-29 03:50:07
agra,Dr. K. B. Shani,"Dr. K. B. Sahnis Clinic, Agra, Agra",100,50 years,N/A,2025-05-29 03:50:07
agra,Dr. Deepak Kapoor,"Dr. Deepak Kapoor Clinic, Civil Line, Agra",300,37 years,N/A,2025-05-29 03:50:07
agra,Dr. Girish Narayan Gupta,"Vijay Nagar Hospital, Civil Line, Agra",200,50 years,N/A,2025-05-29 03:50:07
agra,Dr. Premashish Mazumdar,"Multi Speciality Clinic, Civil Line, Agra",500,18 years,N/A,2025-05-29 03:50:47
agra,Dr. Nidhi Agarwal,"Satyam Hospital, Kamla Nagar, Agra",500,29 years,N/A,2025-05-29 03:50:48
agra,Dr. Subash Mittal,"Mittal Hospital, Kheria, Agra",200,37 years,N/A,2025-05-29 03:50:48
agra,Dr. Rahul Pengoria,"Dr. Pengoria Hospital, Shaheed Nagar, Agra",200,18 years,N/A,2025-05-29 03:50:48
agra,Dr. Avadhesh Kumar Gupta,"Dr. Avadhesh Kumar Guptas Clinic, Avas Vikas Colony, Agra",150,29 years,N/A,2025-05-29 03:50:48
agra,Dr. Kshitij Sharma,"Dr R.D. Sharma Clinic, Raja Mandi, Agra",200,16 years,N/A,2025-05-29 03:50:48
agra,Dr. Mukesh Bhardwaj,"Bhardwaj Child And Dental Clinic, Arjun Nagar, Agra",200,13 years,N/A,2025-05-29 03:50:48
agra,Dr. Mukesh Baghel,"Dr Mukesh Kumar Baghel, Tajganj, Agra",300,11 years,N/A,2025-05-29 03:50:48
agra,Dr. Reshu Agarwal,"Child Care Clinic, Delhi Gate, Agra",300,13 years,N/A,2025-05-29 03:50:48
agra,Dr. Ajay Kalra,"Dr. Kalaras - Child Health Consultants, T.P. Nagar, Agra",N/A,45 years,N/A,2025-05-29 03:50:48
agra,Dr. Sonia Bhatt,"Urocare Clinic, Delhi Gate, Agra",400,23 years,N/A,2025-05-29 03:50:48
agra,Dr. L.K. Garg,"Dr L K Garg Pediatric Clinic, Khandari, Agra",300,20 years,N/A,2025-05-29 03:50:48
agra,Dr. Abhaya Yadav,"Dr. Abhay Yadav, Gokulpura, Agra",150,23 years,N/A,2025-05-29 03:50:48
agra,Dr. Unnat Kulshrestra,"Dr. Unnat Kulshrestha, Tajganj, Agra",150,35 years,N/A,2025-05-29 03:50:48
agra,Dr. Atul Bansal,"Dr. Atul Bansals Clinic - Sikandra, Sikandra, Agra",150,20 years,N/A,2025-05-29 03:50:48
agra,Dr. Harendra Mohniya,"Dr. Harendra Mohniya Clinic, Tajganj, Agra",150,40 years,N/A,2025-05-29 03:50:48
agra,Dr. Jaswant Singh Chahar,"Chahar Child Care Center, Kheria Airport, Agra",100,13 years,N/A,2025-05-29 03:50:48
agra,Dr. Malay Gupta,"Pushpam Mother  Child Health Care Centre, Sikandra, Agra",400,22 years,N/A,2025-05-29 03:50:48
agra,Dr. Vishal Gupta,"Dr. Vishal Guptas Clinic, Civil Line, Agra",300,22 years,N/A,2025-05-29 03:50:48
agra,Dr. R. S. Bhadhoria,"Bhadauria Child Care Centre, Kheria, Agra",150,20 years,N/A,2025-05-29 03:50:48
agra,Dr. Prakhar Mohniya,"Mohniya Newborn and Child Hospital, Shaheed Nagar, Agra",300,9 years,N/A,2025-05-29 03:51:26
agra,Dr. Puja Agarwal,"DR. PUJA AGARWAL CLINIC, Gurki Mandi, Agra",300,23 years,N/A,2025-05-29 03:51:26
agra,Dr. Saurabh Singh,"Kilkari Maternity and Child Care Clinic, Kalindi Vihar, Agra",200,14 years,N/A,2025-05-29 03:51:26
agra,Dr. Arun Prakash Gupta,"Arun Prakash Gupta Clinic, Ram Bagh, Agra",N/A,45 years,N/A,2025-05-29 03:51:26
agra,Dr. Swati Dwivedi,"Dr. Sangeeta Mother And Child Care Centre, Sikandra, Agra",200,13 years,N/A,2025-05-29 03:51:26
agra,Dr. Preeti Jain,"Dr Anurag Jains Clinic, Delhi Gate, Agra",400,18 years,N/A,2025-05-29 03:51:27
agra,Dr. Abhishek Gupta,"Gupta Child Care And Hospital, Trans Yamuna Colony, Agra",N/A,20 years,N/A,2025-05-29 03:51:27
agra,Dr. Akansha Arora,"Ujala Cygnus Rainbow Hospital, Sikandra, Agra",400,11 years,N/A,2025-05-29 03:51:27
agra,Dr. Sajal Gupta,"Fh Medical College Etmadpur Agra, Etmadpur, Agra",300,7 years,N/A,2025-05-29 03:51:27
amritsar,Dr. Naresh Grover,"Apollo Cradle  Childrens Hospital, INA Colony, Amritsar",500,38 years,N/A,2025-05-29 04:03:31
amritsar,Dr. Rajneesh Kapoor,"Apollo Cradle  Childrens Hospital, INA Colony, Amritsar",500,28 years,N/A,2025-05-29 04:03:32
amritsar,Dr. Latika Uppal,"Apollo Cradle  Childrens Hospital, INA Colony, Amritsar",400,16 years,N/A,2025-05-29 04:03:32
amritsar,Dr. Raj Kumar,"Apollo Cradle  Childrens Hospital, INA Colony, Amritsar",300,34 years,N/A,2025-05-29 04:03:32
amritsar,Dr. Ashna Kumar,"Kmaxx American Hospital, Mall Road, Amritsar",1500,8 years,N/A,2025-05-29 04:03:32
amritsar,Dr. Rajiv Gupta,"Dr.Rajiv Guptas Children Hospital, Amritsar, Amritsar",600,39 years,N/A,2025-05-29 04:03:32
amritsar,Dr. Gurmeet Singh,"Dr Gurmeet Child Care Centre, Sultanwind, Amritsar",300,25 years,N/A,2025-05-29 04:03:32
amritsar,Dr. Kunal Mahajan,"Dr. Kunal Mahajan Children Hospital, Chheharta, Amritsar",200,15 years,N/A,2025-05-29 04:03:32
amritsar,Dr. Amandeep Singh,"Dr. Amandeep Singhs Clinic, Amritsar, Amritsar",200,25 years,N/A,2025-05-29 04:03:32
amritsar,Dr. Dilraj Kaur Kahlon,"Child Care  Pediatric Hematology Oncology Clinic, Amritsar, Amritsar",200,19 years,N/A,2025-05-29 04:03:32
amritsar,Dr. Sudesh Sharma,"Dr. Sudesh Sharmas Clinic, Amritsar, Amritsar",100,50 years,N/A,2025-05-29 04:04:07
amritsar,Dr. Rupinder Jaswal,"Kiwi Children Hospital, Ranjit Avenue, Amritsar",100,15 years,N/A,2025-05-29 04:04:07
amritsar,Dr. Vijay Kumar Sethi,"C Zon Hospital, Ajnala, Amritsar",100,45 years,N/A,2025-05-29 04:04:07
amritsar,Dr. Lucky Bhalla Sehgal,"Sehgal Neuro  Child Care Centre, EPPF Basant Avenue, Amritsar",200,14 years,N/A,2025-05-29 04:04:07
amritsar,Dr. Pradeep Bhatia,"Complete Child Healthcare Centre, Amritsar, Amritsar",400,12 years,N/A,2025-05-29 04:04:07
amritsar,Dr. Gunjanpreet Kaur,"Sri Guru Ram Das Charitable Hospital, Sultanwind, Amritsar",200,5 years,N/A,2025-05-29 04:04:07
aurangabad,Dr. Atish Ladda,"Samarth Hospital, Garkheda, Aurangabad",150,22 years,N/A,2025-05-29 04:05:42
aurangabad,Dr. V.K Kadam,"Tirupati Childrens Clinic, Pundalik Nagar, Aurangabad",250,45 years,N/A,2025-05-29 04:05:42
aurangabad,Dr. Ashfaq Siddiqui,"Badar Children Hospital, Shah Bazar, Aurangabad",100,25 years,N/A,2025-05-29 04:05:42
aurangabad,Dr. Sandeep Saraf,"Dr Sandeep Sarafs Sai Superspeciality Clinic, Aurangabad Railway Station, Aurangabad",500,18 years,N/A,2025-05-29 04:05:42
aurangabad,Dr. Vinod,"Chirayoo Childrens Hospital, Cidco Colony, Aurangabad",200,25 years,N/A,2025-05-29 04:05:42
aurangabad,Dr. Syed Abdul Wahab Abdul Aziz,"Syed Child Clinic, Ganesh Colony, Aurangabad",100,21 years,N/A,2025-05-29 04:05:42
aurangabad,Dr. Rafi Meman,"Colors Hospital, Aurangpura, Aurangabad",100,18 years,N/A,2025-05-29 04:05:42
aurangabad,Dr. Deepak Lohiya,"Lohiya Childrens Hospital, Session Court, Aurangabad",150,25 years,N/A,2025-05-29 04:05:42
aurangabad,Dr. Sachin Subhash Dhule,"Shubham Childrens Hospital  Critical Care Centre, Cidco Colony, Aurangabad",200,13 years,N/A,2025-05-29 04:05:42
aurangabad,Dr. Smita Kulkarni,"Bhakti Childreans Hospital, Garkheda, Aurangabad",200,22 years,N/A,2025-05-29 04:05:43
aurangabad,Dr. Jay Malani,"Sparsh Kids Care, Aurangabad, Aurangabad",150,20 years,N/A,2025-05-29 04:06:19
aurangabad,Dr. Asavati Kaushik,"Shree Clinic, Jawahar Colony, Aurangabad",150,27 years,N/A,2025-05-29 04:06:19
aurangabad,Dr. Md Sadiq Shaikh,"Arif Childrens Hospital, Shah Bazar, Aurangabad",250,26 years,N/A,2025-05-29 04:06:19
aurangabad,Dr. Pandurang Takle,"Vatsalya Bal Rugnalaya, Garkheda, Aurangabad",100,19 years,N/A,2025-05-29 04:06:19
aurangabad,Dr. Shripad Dakhane,"Endoworld Hospital, Chilkalthana, Aurangabad",300,14 years,N/A,2025-05-29 04:06:19
aurangabad,Dr. Prashant Chavan Patil,"Chavan Hospital, Cidco, Aurangabad",700,13 years,N/A,2025-05-29 04:06:19
aurangabad,Dr. Vidyasagar Kohirepatil,"Kohire Bal Rugnalay And Maternity Home, Padegaon, Aurangabad",200,13 years,N/A,2025-05-29 04:06:19
aurangabad,Dr. Ashwini Kundalwal,"Kundalwals Clinic, Aurangabad, Aurangabad",400,16 years,N/A,2025-05-29 04:06:19
aurangabad,Dr. Khaled Shaikh,"NewLife Clinic, Kiradpura, Aurangabad",200,21 years,N/A,2025-05-29 04:06:19
aurangabad,Dr. Shaikh A Rizwan,"Navjeevan Balrugnalay, Cidco, Aurangabad",300,12 years,N/A,2025-05-29 04:06:19
bangalore,Nano Hospital,N/A,400,28 years,N/A,2025-05-29 04:07:16
bangalore,Dr. Supraja Chandrasekar,"DHEE Hospitals, Kanakpura Road, Bangalore",750,22 years,N/A,2025-05-29 04:07:54
bangalore,Dr. Vishwas S N,"Natus Women and Children Hospital, Sarjapur Road, Bangalore",700,18 years,N/A,2025-05-29 04:07:54
bangalore,Dr. Adarsh Somashekar,"Ovum Woman  Child Speciality Hospital, Kalyan Nagar, Bangalore",850,28 years,N/A,2025-05-29 04:07:54
bangalore,Dr. Keshav Murthy,"Jayashree Multispeciality Hospital, Begur, Bangalore",500,24 years,N/A,2025-05-29 04:07:54
bangalore,Dr. Muzfar Ahmed Yaragatti,"DHEE Hospitals, Kanakpura Road, Bangalore",600,21 years,N/A,2025-05-29 04:07:54
bangalore,Dr. Sampat Kumar Shettigar,"Kinder Womens Hospital and Fertility Centre, Whitefield, Bangalore",900,16 years,N/A,2025-05-29 04:07:54
bangalore,Dr. Sai Shankar,"Ovum Woman  Child Speciality Hospital, Kalyan Nagar, Bangalore",750,22 years,N/A,2025-05-29 04:07:54
bangalore,Dr. Lingaraj Mulage,"Ovum Woman  Child Speciality Hospital, Banashankari, Bangalore",750,16 years,N/A,2025-05-29 04:07:54
bangalore,Dr. Narendra N S,"Oyster Mother and Child Hospital, HRBR Layout, Bangalore",700,18 years,N/A,2025-05-29 04:07:55
bangalore,Dr. Maneesha P H,"Ovum Woman  Child Speciality Hospital, Banashankari, Bangalore",750,23 years,N/A,2025-05-29 04:07:55
bangalore,Dr. Brinda E,"SPANDANA HEART AND SUPER SPECIALITY HOSPITAL, Sarjapur Road, Bangalore",750,17 years,N/A,2025-05-29 04:08:30
bangalore,Dr. Mallikarjun R Patil,"DHEE Hospitals, Kanakpura Road, Bangalore",750,25 years,N/A,2025-05-29 04:08:30
bangalore,Dr. Anil Kumar B N,"Ovum Woman  Child Speciality Hospital, Kalyan Nagar, Bangalore",750,18 years,N/A,2025-05-29 04:08:30
bangalore,Dr. Niranjan Kumar P,"Trustwell Hospitals, Sampangiramnagar, Bangalore",800,20 years,N/A,2025-05-29 04:08:30
bangalore,Dr. Shazia,"Altius Hospitals, HBR Layout, Bangalore",800,15 years,N/A,2025-05-29 04:08:30
bangalore,Dr. Prasanna Naik,"SPANDANA HEART AND SUPER SPECIALITY HOSPITAL, Sarjapur Road, Bangalore",750,17 years,N/A,2025-05-29 04:08:30
bangalore,Dr. Nalini G Shenoy,"The Bangalore Hospital, Basavanagudi, Bangalore",800,48 years,N/A,2025-05-29 04:08:30
bangalore,Dr. Sailaja V,"Nano Hospitals, Hulimavu, Bangalore",500,19 years,N/A,2025-05-29 04:08:30
bangalore,Dr. Sahana Shankar,"DHEE Hospitals, Kanakpura Road, Bangalore",900,17 years,N/A,2025-05-29 04:08:31
bangalore,Dr. Venkat S. Reddy,"Ovum Woman and Child Speciality Hospital, Kothanur, Bangalore",800,28 years,N/A,2025-05-29 04:08:31
bhopal,Dr. Vikrant Singh Raghuvanshi,"L B S Hospital, Motia Talab Road, Bhopal",350,13 years,N/A,2025-05-29 04:09:14
bhopal,Dr. K. F. Kazmi,"Parwarish, Subhash Nagar, Bhopal",400,55 years,N/A,2025-05-29 04:09:15
bhopal,Dr. Hari Shankar,"Sun Shine Clinic, Kamla Park, Bhopal",400,31 years,N/A,2025-05-29 04:09:15
bhopal,Dr. Syed Zaheer Ahmed,"Nidan Poly Clinic, Jahangirabad, Bhopal",150,64 years,N/A,2025-05-29 04:09:15
bhopal,Dr. Akhil Singh,"Dulaar Children Hospital, Bagh Swaniya, Bhopal",200,14 years,N/A,2025-05-29 04:09:15
bhopal,Dr. Shweta Goyal,"Manan Child Care Hospital, Lalghati, Bhopal",200,19 years,N/A,2025-05-29 04:09:15
bhopal,Dr. Veena Arora,"Dr. Veena Arora Clinic, Bharat Heavy Electricals (BHEL), Bhopal",200,55 years,N/A,2025-05-29 04:09:15
bhopal,Dr. Lalish Jhavar,"Kanha Maternity  Child Care Hospital, Trilanga, Bhopal",300,20 years,N/A,2025-05-29 04:09:15
bhopal,Dr. S S Rajput,"Nilay Hospital, Bagh Swaniya, Bhopal",500,39 years,N/A,2025-05-29 04:09:15
bhopal,Dr. Satish Maravi,"Kilkari Kids Clinic, Indrapuri, Bhopal",400,18 years,N/A,2025-05-29 04:09:15
bhopal,Dr. Ankita Katiyar,"Born Bone Clinic, Minal Residency, Bhopal",400,8 years,N/A,2025-05-29 04:09:52
bhopal,Dr. Nitesh upadhyay,"Upadhyay Skin and Child Care Clinic, Lalghati, Bhopal",300,15 years,N/A,2025-05-29 04:09:52
bhopal,Dr. Amit P. Agarwal,"Matratva Hospital, Kolar Road, Bhopal",250,22 years,N/A,2025-05-29 04:09:52
bhopal,Dr. Rajeev Nath,"Child Care Centre  Hospital, Kolar Road, Bhopal",250,43 years,N/A,2025-05-29 04:09:52
bhopal,Dr. Priyanka Chaturvedi,"Divyanka Children Hospital, Minal Residency, Bhopal",600,13 years,N/A,2025-05-29 04:09:52
bhopal,Dr. Brig Ashok Saxena,"Bansal Hospital, Shahpura, Bhopal",500,39 years,N/A,2025-05-29 04:09:52
bhopal,Dr. Amit Agarwal,"ATHARVA CLINIC, Ayodhaya Nagar, Bhopal",200,18 years,N/A,2025-05-29 04:09:52
bhopal,Dr. Mahesh Nawani,"Vaccine Clinic, S.I. Lines Shahajanabad, Bhopal",300,35 years,N/A,2025-05-29 04:09:53
bhopal,Dr. Ashwani Syal,"Dr.Ashwani Syal Clinic, Arera Colony, Bhopal",250,41 years,N/A,2025-05-29 04:09:53
bhopal,Dr. Juhi Sonwani,"MJ Hospital, Anand Nagar, Bhopal",250,8 years,N/A,2025-05-29 04:09:53
bhopal,Dr. K.G.Malviya,"Krishna Kids Clinic, Ayodhaya Nagar, Bhopal",250,19 years,N/A,2025-05-29 04:09:53
bhopal,Dr. Shiv Dubey,"Dr. Shiv Dubeys Childcare Clinic, Baghmugalia, Bhopal",300,15 years,N/A,2025-05-29 04:09:53
bhopal,Dr. R K Yadav,"V Care Children Hospital, Kolar Road, Bhopal",200,21 years,N/A,2025-05-29 04:09:53
bhopal,Dr. Chhaya Dave,"Konark Hospital and Research Centre, Arera Colony, Bhopal",300,40 years,N/A,2025-05-29 04:09:53
bhopal,Dr. Chhaya Jain,"Dr. Chaya Jain Kids Clinic, Arera Colony, Bhopal",200,24 years,N/A,2025-05-29 04:09:53
bhopal,Dr. Rohit Joshi,"Bansal Hospital, Shahpura, Bhopal",500,25 years,N/A,2025-05-29 04:09:53
bhopal,Dr. Nawal Kapoor,"Yash Clinic, Kolar Road, Bhopal",300,16 years,N/A,2025-05-29 04:09:53
bhopal,Dr. Asha Dixit,"Dr Dixits Ortho And Paedia Clinic, Arera Colony, Bhopal",200,30 years,N/A,2025-05-29 04:09:53
bhopal,Dr. Pramod Kashyap,"Dr.Pramod Child Care Clinic, Arera Colony, Bhopal",200,25 years,N/A,2025-05-29 04:09:53
bhopal,Dr. Vikas Sachdev,"Dr. Vikas Sachdev Clinic, Bharat Heavy Electricals (BHEL), Bhopal",400,35 years,N/A,2025-05-29 04:09:53
bhopal,Dr. Varun Rai,"Dulaar Child Clinic, Kolar Road, Bhopal",200,16 years,N/A,2025-05-29 04:10:29
bhopal,Dr. Vishal Shrivastava,"Shree Clinic, Piplani, Bhopal",300,13 years,N/A,2025-05-29 04:10:29
bhopal,Dr. Nitin Verma,"Lil Angels Clinic, Kolar Road, Bhopal",200,17 years,N/A,2025-05-29 04:10:29
bhopal,Dr. Astha Tiwari,"Red Cross Hospital, Shivaji Nagar, Bhopal",50,17 years,N/A,2025-05-29 04:10:29
bhopal,Dr. Shrish Shraman Jain,"Mother  Kids Clinic, Lalghati, Bhopal",200,25 years,N/A,2025-05-29 04:10:29
bhopal,Dr. Sukarn Awasthi,"Neerus Child and Family Clinic, Karond, Bhopal",300,11 years,N/A,2025-05-29 04:10:29
bhopal,Dr. Anurag Verma,"Bansal Hospital, Shahpura, Bhopal",500,15 years,N/A,2025-05-29 04:10:29
bhopal,Dr. Mayank Jain,"Navkar Clinic, Ashoka Garden, Bhopal",200,7 years,N/A,2025-05-29 04:10:29
bhopal,Dr. Om Prajapati,"Maa Chandika Child Clinic, Bawadiya Kalan, Bhopal",400,22 years,N/A,2025-05-29 04:10:29
bhopal,Dr. Nasif Ahmed Hashmi,"Hashmi Clinic, Shahajahanabad, Bhopal",200,6 years,N/A,2025-05-29 04:10:29
chandigarh,Bedi Hospital,N/A,800,42 years,N/A,2025-05-29 04:10:41
chandigarh,Dr. R. P. Bansal,"Children Health Clinic  Vaccination Center, Sector 34, Chandigarh",600,39 years,N/A,2025-05-29 04:11:18
chandigarh,Dr. Vikas Bhalla,"Vikas Bhallas Clinic, Zirakpur, Chandigarh",400,17 years,N/A,2025-05-29 04:11:18
chandigarh,Dr. Pankaj Raina,"Niramaya Pediatric Centre, Zirakpur, Chandigarh",400,25 years,N/A,2025-05-29 04:11:18
chandigarh,Dr. Sandeep Sharma,"Omni Clinics And Diagnostics, Sector 34, Chandigarh",350,12 years,N/A,2025-05-29 04:11:18
chandigarh,Dr. Sunny Narula,"IVF  Infertility Centre, Sector 62, Chandigarh",500,29 years,N/A,2025-05-29 04:11:18
chandigarh,Dr. Diljot Singh Bedi,"Dr Bedis Pediatric  Psychiatric Clinic, Sector 37 C, Chandigarh",800,22 years,N/A,2025-05-29 04:11:18
chandigarh,Dr. Ashish Sharma,"Trinity Hospital and Medical Research Institute, Zirakpur, Chandigarh",400,12 years,N/A,2025-05-29 04:11:18
chandigarh,Dr. Bijaylaxmi Behera,"Chaitanya Hospital - Chandigarh, Sector 44, Chandigarh",700,15 years,N/A,2025-05-29 04:11:18
chandigarh,Dr. K Babu,"Sangeeta Nursing Home, Sector 21, Chandigarh",500,17 years,N/A,2025-05-29 04:11:18
chandigarh,Dr. Sumeet Sharma,"VCare Hospital, Zirakpur, Chandigarh",300,11 years,N/A,2025-05-29 04:11:19
chandigarh,Dr. Vishal Dublish,"Shree Child Care, Zirakpur, Chandigarh",300,25 years,N/A,2025-05-29 04:11:54
chennai,Dr. Varadarajulu Reddy Gadi,"Billroth Hospitals, Shenoy Nagar, Chennai",400,54 years,N/A,2025-05-29 04:12:39
chennai,Dr. Meena S,"Kannapa Memorial Hospital, Kilpauk, Chennai",500,16 years,N/A,2025-05-29 04:12:39
chennai,Dr. Muthukumar,"Apollo Speciality Hospital, Vanagaram, Chennai",800,16 years,N/A,2025-05-29 04:12:39
chennai,Dr. Cheri Mathews John,"Angels Speciality Clinic, Anna Nagar, Chennai",450,31 years,N/A,2025-05-29 04:12:40
chennai,Dr. Latha Dhathathri,"Apollo Spectra Hospital, Alwarpet, Chennai",800,32 years,N/A,2025-05-29 04:12:40
chennai,Dr. Krishna Priya,"Apollo Speciality Hospital, Vanagaram, Chennai",1000,29 years,N/A,2025-05-29 04:12:40
chennai,Dr. Kalaivani Ganesan,"Dr. Mehtas Hospitals, Chetpet, Chennai",700,19 years,N/A,2025-05-29 04:12:40
chennai,Dr. Deepa Elizabeth Mathew,"Apollo Speciality Hospital, Vanagaram, Chennai",1000,28 years,N/A,2025-05-29 04:12:40
chennai,Dr. Kumutha J,"Apollo Speciality Hospital, Vanagaram, Chennai",800,39 years,N/A,2025-05-29 04:12:40
chennai,Dr. Jisha Susan Babu,"Nurture Pediatric Care, Kolathur, Chennai",500,17 years,N/A,2025-05-29 04:12:40
chennai,Dr. Prashanth Sankar,"Porur Child Health Clinic, Porur, Chennai",400,15 years,N/A,2025-05-29 04:13:16
chennai,Dr. Priya Chandrasekar,"Apollo Spectra Hospital, Alwarpet, Chennai",800,31 years,N/A,2025-05-29 04:13:16
chennai,Dr. M Divya,"Dr. Mehtas Hospitals, Chetpet, Chennai",400,14 years,N/A,2025-05-29 04:13:16
chennai,Dr. Rajendran Ranju Raj,"RRR Child Care Clinic, Poonamalle, Chennai",300,14 years,N/A,2025-05-29 04:13:17
chennai,Dr. Varun Gunasekar,"Thulir Kidz Clinic, Mugalivakkam, Chennai",350,14 years,N/A,2025-05-29 04:13:17
chennai,Dr. Satheesh C,"Apollo Childrens Hospitals, Thousand Lights, Chennai",900,44 years,N/A,2025-05-29 04:13:17
chennai,Dr. Radhalakshmi,"Apollo Childrens Hospitals, Thousand Lights, Chennai",700,27 years,N/A,2025-05-29 04:13:17
chennai,Dr. Shivan Kesavan,"Dr. Mehtas Hospitals, Chetpet, Chennai",700,13 years,N/A,2025-05-29 04:13:17
chennai,Dr. R.Karthik Narayanan,"Rainbow Childrens Hospital, Saidapet, Chennai",800,16 years,N/A,2025-05-29 04:13:17
chennai,Dr. Ragupathy V,"Apollo Childrens Hospitals, Thousand Lights, Chennai",700,57 years,N/A,2025-05-29 04:13:17
chennai,Dr. Daga J N,"Apollo Childrens Hospitals, Thousand Lights, Chennai",1000,59 years,N/A,2025-05-29 04:13:17
chennai,Dr. Chandra Kumar N,"CK Kids, T Nagar, Chennai",700,24 years,N/A,2025-05-29 04:13:17
chennai,Dr. G Kumaravel,"Sheelaa Clinic, Mugalivakkam, Chennai",400,19 years,N/A,2025-05-29 04:13:17
chennai,Dr. V.Anjali,"Kid-E-Care Clinic, Iyyappanthangal, Chennai",300,14 years,N/A,2025-05-29 04:13:17
chennai,Dr. Banu Krishnan,"Apollo Clinic, Velachery, Chennai",1000,45 years,N/A,2025-05-29 04:13:17
chennai,Dr. Anbezhil Subbarayan,"Apollo Childrens Hospitals, Thousand Lights, Chennai",1000,27 years,N/A,2025-05-29 04:13:17
chennai,Dr. Anuradha Sridhar,"Apollo Childrens Hospitals, Thousand Lights, Chennai",2000,27 years,N/A,2025-05-29 04:13:18
chennai,Dr. Dhanasekhar Kesavelu,"Apollo Childrens Hospitals, Thousand Lights, Chennai",1000,25 years,N/A,2025-05-29 04:13:18
chennai,Dr. Ravikumar,"Thooya Women And Child Care Clinic, Kattupakkam, Chennai",400,16 years,N/A,2025-05-29 04:13:18
chennai,Dr. Vasanth Kumar S,"Apollo Clinic, Velachery, Chennai",700,16 years,N/A,2025-05-29 04:13:18
chennai,Dr. S Anbu,"Apollo Hospital, Tondiarpet, Chennai",350,44 years,N/A,2025-05-29 04:13:55
chennai,Dr. Ram kumar,"Cloudnine Hospital, T Nagar, Chennai",850,17 years,N/A,2025-05-29 04:13:55
chennai,Dr. Neeraja Patcha,"Rainbow Childrens Hospital, Thirumangalam, Chennai",850,24 years,N/A,2025-05-29 04:13:55
chennai,Dr. Deepa Easow,"Apollo First Med Hospitals, Kilpauk, Chennai",700,34 years,N/A,2025-05-29 04:13:55
chennai,Dr. Jayakumar Reddy,"Apollo Childrens Hospitals, Thousand Lights, Chennai",500,27 years,N/A,2025-05-29 04:13:55
chennai,Dr. Ganesh.R,"Rainbow Childrens Hospital, Saidapet, Chennai",800,21 years,N/A,2025-05-29 04:13:56
chennai,Dr. Viswanathan M S,"Apollo Childrens Hospitals, Thousand Lights, Chennai",1800,28 years,N/A,2025-05-29 04:13:56
chennai,Dr. Chitra,"Apollo Childrens Hospitals, Thousand Lights, Chennai",1000,27 years,N/A,2025-05-29 04:13:56
chennai,Dr. Pratheeba,"Kodi Clinic, MKB Nagar, Chennai",400,11 years,N/A,2025-05-29 04:13:56
coimbatore,Kanavam Child Neuro Clinic,N/A,750,18 years,N/A,2025-05-29 04:14:14
coimbatore,Dr. Charanya Selvan,"Kovaii Childrens Hospital, Saravanampatti, Coimbatore",150,18 years,N/A,2025-05-29 04:14:51
coimbatore,Dr. Karthick Annamalai,"Coimbatore Childrens Hospital, Siddhapudur, Coimbatore",350,19 years,N/A,2025-05-29 04:14:51
coimbatore,Dr. K. Brindha,"Royal Care Superspeciality Hospital, Neelambur, Coimbatore",300,14 years,N/A,2025-05-29 04:14:51
coimbatore,Dr. E.S.Elango,"Elango Child Clinic, Gandhipuram, Coimbatore",100,45 years,N/A,2025-05-29 04:14:51
coimbatore,Dr. S Velmurugan,"Hope Child Neuro Centre, R.S. Puram, Coimbatore",750,33 years,N/A,2025-05-29 04:14:51
coimbatore,Dr. Siva Bharathi,"Kovai Kids Clinic, Saibaba Colony, Coimbatore",350,22 years,N/A,2025-05-29 04:14:51
coimbatore,Dr. Mohamed Suhail,"Premier Medical Centre, Mettupalayam, Coimbatore",200,11 years,N/A,2025-05-29 04:14:51
coimbatore,Dr. K. Neelakandan,"Anbu Child Care Clinic, Uppilipalayam, Coimbatore",100,47 years,N/A,2025-05-29 04:14:51
coimbatore,Dr. N. Kumar,"AB Child Care, Singanallur, Coimbatore",150,27 years,N/A,2025-05-29 04:14:51
coimbatore,Dr. G. Lavanya,"United Clinic for Children, Ganapathy, Coimbatore",100,23 years,N/A,2025-05-29 04:14:51
coimbatore,Dr. N.T. Rajesh,"Aathira Kids clinic  Vaccination Centre, Gandhimaanagar, Coimbatore",100,18 years,N/A,2025-05-29 04:15:27
coimbatore,Dr. Indu Priya K.,"Thiyagu Bone  Baby Care Clinic, Goldwins, Coimbatore",100,17 years,N/A,2025-05-29 04:15:27
coimbatore,Dr. Balakrishnan Rajaiah,"Kovai Medical Center And Hospital, Goldwins, Coimbatore",250,17 years,N/A,2025-05-29 04:15:27
coimbatore,Dr. P. Senthil Kumar,"Shanthi Kids Care Centre, Vadavalli, Coimbatore",150,18 years,N/A,2025-05-29 04:15:27
coimbatore,Dr. Dinesh Prabhu S,"Lifecare Medical Centre, Ganapathy, Coimbatore",250,9 years,N/A,2025-05-29 04:15:27
coimbatore,Dr. Ashok Kumar.S,"Ashwin Hospital, Gandhipuram, Coimbatore",150,17 years,N/A,2025-05-29 04:15:27
coimbatore,Dr. A Pravin,"Kumaran Medical Center, Saravanampatti, Coimbatore",150,18 years,N/A,2025-05-29 04:15:27
coimbatore,Dr. Mohan Das C,"Raani Nursing Home, Selvapuram, Coimbatore",140,20 years,N/A,2025-05-29 04:15:27
coimbatore,Dr. Krishnasamy Sangameswaram,"Rao Hospital, Coimbatore Central, Coimbatore",400,26 years,N/A,2025-05-29 04:15:27
coimbatore,Dr. Lakshmi Sumathi,"Abi Child Care Centre, Pollachi, Coimbatore",300,35 years,N/A,2025-05-29 04:15:28
coimbatore,Dr. K.G. Srikanth,"JG Kids Clinic, Saibaba Colony, Coimbatore",200,32 years,N/A,2025-05-29 04:15:28
coimbatore,Dr. M S Ramaiyah,"M S Ramaiyah Clinic, Kavundampalayam, Coimbatore",300,40 years,N/A,2025-05-29 04:15:28
coimbatore,Dr. S. Stalin,"Amu Baby Clinic, Pappanaickenpalayam, Coimbatore",100,23 years,N/A,2025-05-29 04:15:28
coimbatore,Dr. Shera Fatima,"Dr.Sheras Child Care Clinic, Saravanampatti, Coimbatore",300,11 years,N/A,2025-05-29 04:15:28
coimbatore,Dr. Narayanan. V,"Sriram Childrens Clinic, Vadavalli, Coimbatore",100,23 years,N/A,2025-05-29 04:15:28
coimbatore,Dr. S.Janarthanan,"Sri Sai Child Clinic Vaccination Center, Saravanampatti, Coimbatore",Free Consultation,20 years,N/A,2025-05-29 04:15:28
coimbatore,Dr. Pradeep S,"Deepthi Child Care Clinic, Sundarapuram, Coimbatore",300,15 years,N/A,2025-05-29 04:15:28
coimbatore,Dr. Senthil Velusamy,"consultant Paediatrician, Saravanampatti, Coimbatore",150,17 years,N/A,2025-05-29 04:15:28
coimbatore,Dr. Nithya M,"Puvi Clinic, Coimbatore Aerodrome, Coimbatore",300,16 years,N/A,2025-05-29 04:15:28
coimbatore,Dr. Ramaswami Sethuraman,"K G Hospital, Coimbatore Racecourse, Coimbatore",500,16 years,N/A,2025-05-29 04:15:28
dehradun,Dr. Astha Agrawal,"Max Super Speciality Hospital, Mussoorie, Dehradun",700,20 years,N/A,2025-05-29 04:18:47
dehradun,Dr. Rohit Srivastava,"Max Super Speciality Hospital, Mussoorie, Dehradun",700,9 years,N/A,2025-05-29 04:18:47
dehradun,Dr. Jagdish Prasad Devshali,"J.P Clinic, Ajabpur, Dehradun",300,39 years,N/A,2025-05-29 04:18:48
dehradun,Dr. Nitesh,"Grace Clinic, Nehrugram, Dehradun",300,13 years,N/A,2025-05-29 04:18:48
dehradun,Dr. Shruti Kumar,"Aksh Child Developmental Center, Ballupur, Dehradun",1000,24 years,N/A,2025-05-29 04:18:48
dehradun,Dr. Major Gaurav Mukhija,"Nalanda Healthcare, Defence Colony, Dehradun",500,12 years,N/A,2025-05-29 04:18:48
dehradun,Dr. Nitika Mittal,"Healing Touch Hospital, Sahstradhara, Dehradun",500,22 years,N/A,2025-05-29 04:18:48
dehradun,Dr. Richa Joshi,"Sanjay Medicos  Clinic, Ballupur, Dehradun",500,11 years,N/A,2025-05-29 04:18:48
dehradun,Dr. Madhusudan Garg,"Garg Clinic, Mussoorie, Dehradun",400,46 years,N/A,2025-05-29 04:18:48
dehradun,Dr. Abhas Gupta,"Kosha Clinics, Dalanwala, Dehradun",500,7 years,N/A,2025-05-29 04:18:48
dehradun,Dr. Kunal Das,"Himalayan institute of medical science, Doiwala, Dehradun",500,21 years,N/A,2025-05-29 04:19:23
dhanbad,Dr. Shambhavi Narayan,"Shwet Shree Clinic, Saraidhela, Dhanbad",300,11 years,N/A,2025-05-29 04:20:54
dhanbad,Dr. Brij Bhushan Sahni,"Kumar  Associates, Dhanbad Bazar, Dhanbad",300,46 years,N/A,2025-05-29 04:20:54
faridabad,The Healing Touch Pediatric And Orthopaedic Clinic,N/A,400,17 years,N/A,2025-05-29 04:22:42
faridabad,Dr. Shweta Pathak,"Compassion Child Clinic, Sector 85, Faridabad",500,20 years,N/A,2025-05-29 04:23:18
faridabad,Dr. Prabhat Kumar Bajpai,"Metro Hospital, Sector-16a, Faridabad",600,20 years,N/A,2025-05-29 04:23:18
faridabad,Dr. Harjeet Kaur,"Kilkari Childrens Clinic, Sector 11, Faridabad",1000,35 years,N/A,2025-05-29 04:23:18
faridabad,Dr. Sumit Chakravarty,"Asian Institute of Medical Sciences, Sector 21A, Faridabad",500,20 years,N/A,2025-05-29 04:23:19
faridabad,Dr. Divya Agarwal,"The Healing Touch Pediatric And Orthopaedic Clinic, Sainik Colony, Faridabad",400,17 years,N/A,2025-05-29 04:23:19
faridabad,Dr. Sushil Shukla,"Asian Institute of Medical Sciences, Sector 21A, Faridabad",500,23 years,N/A,2025-05-29 04:23:19
faridabad,Dr. Madhu Garg,"Metro Hospital, Sector-16a, Faridabad",600,47 years,N/A,2025-05-29 04:23:19
faridabad,Dr. Abhilash Agrawal,"Vardan Clinic, Surajkund, Faridabad",600,24 years,N/A,2025-05-29 04:23:19
faridabad,Dr. Mohitesh Shrivastava,"Medical Sathi Family Clinic, Sector 86, Faridabad",400,17 years,N/A,2025-05-29 04:23:19
faridabad,Dr. Anjali Jain Vatsa,"Mediline Clinic, Sector 82, Faridabad",400,19 years,N/A,2025-05-29 04:23:19
faridabad,Dr. Sumit Dagar,"Luxmi Clinic, Jawahar Colony, Faridabad",500,6 years,N/A,2025-05-29 04:23:19
faridabad,Dr. Shailender Parashar,"Devi Child Clinic, Sector-19, Faridabad",200,14 years,N/A,2025-05-29 04:23:19
faridabad,Dr. Vishal Soni,"Shivalik Hospital, Sector 37, Faridabad",250,19 years,N/A,2025-05-29 04:23:19
faridabad,Dr. Anjali Jain,"Dr. Anjali Jain Clinic, Sector-29, Faridabad",200,19 years,N/A,2025-05-29 04:23:19
faridabad,Dr. Hitesh Pant,"Fortis Escorts Hospital, New Industrial Town, Faridabad",650,32 years,N/A,2025-05-29 04:23:19
faridabad,Dr. Amit Gupta,"Fortis Escorts Hospital, New Industrial Town, Faridabad",650,31 years,N/A,2025-05-29 04:23:20
faridabad,Dr. Tausif Iqbal,"True Care Health Clinic, Sector 88, Faridabad",800,11 years,N/A,2025-05-29 04:23:20
faridabad,Dr. B.K.Bansal,"Bansal Child Care Centre, Sector 22, Faridabad",500,23 years,N/A,2025-05-29 04:23:20
faridabad,Dr. Abhishek Singh Rauthan,"Child Care Clinic-Dr. Abhishek Singh Rauthan, Sector 28, Faridabad",300,10 years,N/A,2025-05-29 04:23:20
faridabad,Dr. Dilip Kumar Jha,"Dr Dilip Hospital, Sector 28, Faridabad",500,34 years,N/A,2025-05-29 04:23:56
faridabad,Dr. Sanjay Gopal Sharma,"Sewa Clinic, Gonchhi, Faridabad",500,29 years,N/A,2025-05-29 04:23:56
faridabad,Dr. Anil Kumar Nage,"Bachpan Clinic, Ballabgarh, Faridabad",400,25 years,N/A,2025-05-29 04:23:56
faridabad,Dr. Lalit Kumar,"Apurva Hospital, New Industrial Town, Faridabad",600,14 years,N/A,2025-05-29 04:23:56
faridabad,Dr. Deepak Kumar Garg,"Baby Care  Multispecialty Hospital, Ballabgarh, Faridabad",400,17 years,N/A,2025-05-29 04:23:56
faridabad,Dr. Ritu Chhabra,"The Panacea Clinic, Sector 17, Faridabad",200,N/A,N/A,2025-05-29 04:23:56
faridabad,Dr. Priyanka Madaan,"Amrita Hospital, Sector 88, Faridabad",1500,14 years,N/A,2025-05-29 04:23:56
gandhinagar,Dr. Nirav N Parmar,"Navodaya Children Hospital, Adalaj, Gandhinagar",500,11 years,N/A,2025-05-29 04:24:38
gandhinagar,Dr. Dhara Patel,"Dharas Clinic, Kudasan, Gandhinagar",100,12 years,N/A,2025-05-29 04:24:38
gandhinagar,Dr. Divy Patel,"Star Kids Children Hospital  Child Dental Care, Kudasan, Gandhinagar",400,10 years,N/A,2025-05-29 04:24:38
gandhinagar,Dr. Maulik Kapadiya,"Aashka Multispeciality Hospital, Sargasan, Gandhinagar",400,7 years,N/A,2025-05-29 04:24:38
gandhinagar,Dr. Niravkumar Nanavati,"Rudraksh Children Hospital, Sector 24, Gandhinagar",500,8 years,N/A,2025-05-29 04:24:39
ghaziabad,Medical Mantra Healthcare,N/A,500,21 years,N/A,2025-05-29 04:26:22
ghaziabad,Dr. Gunjan Srivastava,"Sunrise Mediclinic, Crossings Republik, Ghaziabad",700,12 years,N/A,2025-05-29 04:26:58
ghaziabad,Dr. Syed Shad Moshin,"Apollo Cradle  Childrens Hospital, Indirapuram, Ghaziabad",1000,16 years,N/A,2025-05-29 04:26:58
ghaziabad,Dr. Megha Rustagi,"Manipal Hospital, Ghaziabad (formerly Columbia Asia Hospital), Pandav Nagar, Ghaziabad",800,8 years,N/A,2025-05-29 04:26:58
ghaziabad,Dr. Anand Singh,"Max Super Speciality Hospital, Vaishali, Ghaziabad",600,12 years,N/A,2025-05-29 04:26:58
ghaziabad,Dr. Bijender singh,"Mother and Kidz Clinic, Vaishali, Ghaziabad",600,23 years,N/A,2025-05-29 04:26:58
ghaziabad,Dr. Vidyut Bhatia,"Max Super Speciality Hospital, Vaishali, Ghaziabad",1500,28 years,N/A,2025-05-29 04:26:58
ghaziabad,Dr. Abhishek Roy,"Apollo Cradle  Childrens Hospital, Indirapuram, Ghaziabad",1200,18 years,N/A,2025-05-29 04:26:58
gwalior,Dr. Sudhir Dixit,"Apollo Spectra Hospitals, Gwalior City, Gwalior",300,19 years,N/A,2025-05-29 04:28:29
gwalior,Dr. Parag Srivastava,"Dr. Parag Srivastava Clinic, Thatipur, Gwalior",200,27 years,N/A,2025-05-29 04:28:29
gwalior,Dr. Manish Kuber,"Kuber Bal Chikitsalay, Morar, Gwalior",250,17 years,N/A,2025-05-29 04:28:29
gwalior,Dr. Vishwas Mudgal,"Sparsh, Deen Dayal Nagar, Gwalior",200,22 years,N/A,2025-05-29 04:28:29
gwalior,Dr. Jyoti Sharma,"Childrens Hospital, Vinay Nagar, Gwalior",200,15 years,N/A,2025-05-29 04:28:29
gwalior,Dr. Anil Sharma,"Haematology Haemato-Oncology Centre, Lashkar, Gwalior",650,14 years,N/A,2025-05-29 04:28:29
gwalior,Dr. Dheerendra Singh Sikarwar,"Natkhat -The Child Clinic, Thatipur, Gwalior",300,8 years,N/A,2025-05-29 04:28:29
gwalior,Dr. Prakash Vir Arya,"Phulwari Mother  Child Clinic, Tansen Nagar, Gwalior",400,34 years,N/A,2025-05-29 04:28:29
gwalior,Dr. Suhas Dhonde,"Niramaya Nursing Home Infertility Centre, Lashkar, Gwalior",500,39 years,N/A,2025-05-29 04:28:29
gwalior,Dr. Rohan Sapra,"Kilkari Hospital, Ajaypur, Gwalior",300,5 years,N/A,2025-05-29 04:28:30
gwalior,Dr. Satyendra Bansal,"Dr Bansal Hospital, Govindpuri, Gwalior",200,15 years,N/A,2025-05-29 04:29:06
gwalior,Dr. Archana Gupta,"Archana Health Care, Gwalior City, Gwalior",350,31 years,N/A,2025-05-29 04:29:07
gwalior,Dr. Vikram Jeet Singh Bhadoria,"Sharda Kids Clinic, Sirol, Gwalior",300,11 years,N/A,2025-05-29 04:29:07
gwalior,Dr. Devraj Singh,"Rakshit Child Care Clinic, Deen Dayal Nagar, Gwalior",200,5 years,N/A,2025-05-29 04:29:07
gwalior,Dr. Manoj Bansal,"Samarth Womens And Child Health Center, Gwalior City, Gwalior",200,19 years,N/A,2025-05-29 04:29:07
gwalior,Dr. Satvik Bansal,"NEST- Shabd Pratap Hospital, Lashkar, Gwalior",500,11 years,N/A,2025-05-29 04:29:07
hyderabad,G M Clinic,N/A,500,24 years,N/A,2025-05-29 04:30:07
hyderabad,Dr. Malin Begum Shaik,"Little Stars and She Hospital, Banjara Hills, Hyderabad",700,18 years,N/A,2025-05-29 04:30:42
hyderabad,Dr. Karimunnisa Begum,"Butterfly Hospitals, Mehadipatnam, Hyderabad",600,21 years,N/A,2025-05-29 04:30:42
hyderabad,Dr. Vasanth Kumar Chakilam,"Butterfly Hospitals, Mehadipatnam, Hyderabad",600,23 years,N/A,2025-05-29 04:30:42
hyderabad,Dr. Kamalakar,"Lotus Hospitals  Kukatpally, Kukatpally, Hyderabad",750,20 years,N/A,2025-05-29 04:30:42
hyderabad,Dr. Taheer Shaik,"Apollo Cradle  Childrens Hospital, Kondapur, Hyderabad",850,19 years,N/A,2025-05-29 04:30:42
hyderabad,Dr. Srikanth Darisetty,"Dr. D . Srikanth clinic, Malkajgiri, Hyderabad",550,15 years,N/A,2025-05-29 04:30:42
hyderabad,Dr. Uday Kumar Sahu,"Savitri Childrens Clinic, Kondapur, Hyderabad",800,32 years,N/A,2025-05-29 04:30:42
hyderabad,Dr. Narender Tatikonda,"Aster Prime Hospital, Ameerpet, Hyderabad",500,28 years,N/A,2025-05-29 04:30:42
hyderabad,Dr. Sharmila K,"Apollo Cradle  Childrens Hospital, Jubilee Hills, Hyderabad",700,29 years,N/A,2025-05-29 04:30:43
hyderabad,Dr. S Sridevi,"Apex Medical and Dental Centre, Saidabad, Hyderabad",500,49 years,N/A,2025-05-29 04:30:43
hyderabad,Dr. D. Srikanth Reddy,"Childrens Clinic  Vaccination Centre, Ramanthapur, Hyderabad",600,24 years,N/A,2025-05-29 04:31:18
hyderabad,Dr. Mukesh Kumar Khetan,"Rainbow Childrens Hospital, Financial District, Hyderabad",850,24 years,N/A,2025-05-29 04:31:18
hyderabad,Dr. Neelima K V A R,"Rainbow Childrens Hospital, Hyder Nagar, Hyderabad",1000,25 years,N/A,2025-05-29 04:31:18
hyderabad,Dr. P.K.Rajeev,"Shreyass Clinic, Malkajgiri, Hyderabad",900,20 years,N/A,2025-05-29 04:31:18
hyderabad,Dr. Ashwin Reddy,"Ashwin Children Hospital, Secunderabad, Hyderabad",450,19 years,N/A,2025-05-29 04:31:18
hyderabad,Dr. Jagan Mohan Varakala,"Paramitha Women And Children Hospital, Madinaguda, Hyderabad",500,14 years,N/A,2025-05-29 04:31:18
hyderabad,Dr. Prasanna Lakshmi Mettupalli,"Gnanvis Child Care Paediatric Clinic, Kondapur, Hyderabad",700,12 years,N/A,2025-05-29 04:31:18
hyderabad,Dr. Ganta Rami Reddy,"Neo Asian Clinics, Kondapur, Hyderabad",500,13 years,N/A,2025-05-29 04:31:18
hyderabad,Dr. Rishivardhan Reddy,"Aster Prime Hospital, Ameerpet, Hyderabad",500,9 years,N/A,2025-05-29 04:31:18
hyderabad,Dr. K S Nagaraju,"Vijaya Nursing Home, Chanda Nagar, Hyderabad",650,27 years,N/A,2025-05-29 04:31:18
hyderabad,Dr. Madhavi RS,"Cloudnine Hospital (formerly The Birthplace), Banjara Hills, Hyderabad",1100,22 years,N/A,2025-05-29 04:31:18
hyderabad,Dr. Bhargavi Arun,"Ragavi Hospital, Kukatpally, Hyderabad",700,18 years,N/A,2025-05-29 04:31:18
hyderabad,Dr. Satish Reddy Hashampalli,"Cloudnine Hospital (formerly The Birthplace), Banjara Hills, Hyderabad",1100,12 years,N/A,2025-05-29 04:31:19
hyderabad,Dr. Sujatha Reddy Veeram,"Vijaya Nursing Home, Chanda Nagar, Hyderabad",550,13 years,N/A,2025-05-29 04:31:19
hyderabad,Dr. Koteswar Rao,"Apollo Cradle  Childrens Hospital, Jubilee Hills, Hyderabad",800,33 years,N/A,2025-05-29 04:31:19
hyderabad,Dr. Aparna Reddy,"Rainbow Childrens Hospital, Banjara Hills, Hyderabad",600,30 years,N/A,2025-05-29 04:31:19
hyderabad,Dr. Chandra Shekhar,"Rainbow Childrens Hospital, Hyder Nagar, Hyderabad",900,27 years,N/A,2025-05-29 04:31:19
hyderabad,Dr. B Ashrita Reddy,"Hope Childrens Hospital, Basheerbagh, Hyderabad",700,11 years,N/A,2025-05-29 04:31:19
hyderabad,Dr. Ragini Manju Shree,"Hope Childrens Hospital, Basheerbagh, Hyderabad",700,11 years,N/A,2025-05-29 04:31:19
hyderabad,Dr. V Parmeshwar Reddy,"Hope Childrens Hospital, Basheerbagh, Hyderabad",700,11 years,N/A,2025-05-29 04:31:19
indore,Dr. Anagha Bhagwat,"Apollo Hospitals, Vijay Nagar, Indore",700,27 years,N/A,2025-05-29 04:32:10
indore,Dr. Sunil Puraswani,"Motherhood Hospital, Malviya Nagar, Indore",800,10 years,N/A,2025-05-29 04:32:10
indore,Dr. Ashish Jaiswal,"Motherhood Hospital, Malviya Nagar, Indore",900,23 years,N/A,2025-05-29 04:32:10
indore,Dr. Meena Vijayvergiya,"Dr. Meena Vijayvergiyas Chamber, Bengali Square, Indore",500,36 years,N/A,2025-05-29 04:32:10
indore,Dr. Manju Mehta,"Mehta Hospital, Sapna Sangeeta, Indore",500,36 years,N/A,2025-05-29 04:32:10
indore,Dr. Ankur Khandelwal,"Sparsham Clinic, Vaibhav Nagar, Indore",400,14 years,N/A,2025-05-29 04:32:11
indore,Dr. K. K. Arora,"Clinic for Mother  Child, Sapna Sangeeta, Indore",300,42 years,N/A,2025-05-29 04:32:11
indore,Dr. Himanshu Kelkar,"Dr. Himanshu Kelkars Clinic, Vijay Nagar, Indore",250,24 years,N/A,2025-05-29 04:32:11
indore,Dr. Sachin Soni,"First  Care, Vijay Nagar, Indore",250,14 years,N/A,2025-05-29 04:32:11
indore,Dr. Aparna Manjrekar,"Dr. Aparna Manjrekars Clinic, Old Palasia, Indore",300,40 years,N/A,2025-05-29 04:32:11
indore,Dr. Vijay Muchhal,"Shalby Hospital, Old Palasia, Indore",300,38 years,N/A,2025-05-29 04:32:47
indore,Dr. Ashok Garg,"Dr. Ashok Gargs Clinic, Kalani Nagar, Indore",400,39 years,N/A,2025-05-29 04:32:47
indore,Dr. Anupam Gupta,"Dr. Anupam Guptas Clinic, Sapna Sangeeta, Indore",300,23 years,N/A,2025-05-29 04:32:47
indore,Dr. Isha Singh,"Kidz Clinic, Mahalaxmi Nagar Colony, Indore",500,16 years,N/A,2025-05-29 04:32:47
indore,Dr. Sangram Singh,"Dr. Sagram Singhs Clinic, New Palasia, Indore",300,44 years,N/A,2025-05-29 04:32:47
indore,Dr. Virendra Mehar,"Indore Child Care Center, Vijay Nagar, Indore",600,20 years,N/A,2025-05-29 04:32:47
indore,Dr. Bani Barod Choudhari,"Advance joint Replacement and Childcare Clinic, Vijay Nagar, Indore",200,20 years,N/A,2025-05-29 04:32:47
indore,Dr. Manish Verma,"Balaji Clinics, Indore Tukoganj, Indore",400,26 years,N/A,2025-05-29 04:32:47
indore,Dr. Nilesh Jain,"Dr. Nilesh Jains Clinic, I.D.A. Racecourse Road, Indore",500,28 years,N/A,2025-05-29 04:32:47
indore,Dr. Divya Dwivedi,"Sparsh New Born and Child Clinic, Bengali Square, Indore",500,23 years,N/A,2025-05-29 04:32:47
indore,Dr. Sourabh Agrawal,"Shalby Hospital, Old Palasia, Indore",300,16 years,N/A,2025-05-29 04:32:48
indore,Dr. S. K. Awadhiya,"Snahil Clinic, Vijay Nagar, Indore",300,45 years,N/A,2025-05-29 04:32:48
indore,Dr. Sunil Arya,"Dr. Sunil Aryas Clinic, AB Road, Indore",300,21 years,N/A,2025-05-29 04:32:48
indore,Dr. Mukesh Birla,"Dr. Mukesh Birlas Clinic, Indore Tukoganj, Indore",400,35 years,N/A,2025-05-29 04:32:48
indore,Dr. Ravi Ranjan Tripathi,"Sri Sathya Sai Child Heart Center, Vijay Nagar, Indore",Free Consultation,13 years,N/A,2025-05-29 04:32:48
indore,Dr. Shreelekha Joshi,"Dr. Shreelekha Joshis Clinic, Old Palasia, Indore",500,31 years,N/A,2025-05-29 04:32:48
indore,Dr. Ram Ashish Shukla,"Dr. Ram Ashish Shukla Clinic, Musakhedi, Indore",150,20 years,N/A,2025-05-29 04:32:48
indore,Dr. Ratnesh Khare,"Arogya Health care, Indore Manorama Ganj, Indore",200,15 years,N/A,2025-05-29 04:32:48
indore,Dr. Bhupendra Singh Shekhawat,"Dr. Bhupendra Singh Shekhavats Clinic, Vijay Nagar, Indore",400,22 years,N/A,2025-05-29 04:32:48
indore,Dr. Ashvin Wani,"Dr. Ashvin Wanis Clinic, Annapurna Nagar, Indore",150,14 years,N/A,2025-05-29 04:32:48
indore,Dr. Samrat Sahu,"Child Clinic and Vaccination Centre, Bijasan Road, Indore",400,21 years,N/A,2025-05-29 04:33:24
indore,Dr. Pushpendra Chakravarty,"Namah Hospital  Laproscopic Centre, Scheme No 54, Indore",500,11 years,N/A,2025-05-29 04:33:24
indore,Dr. Swapnil Agrawal,"Angel Hospital, Bengali Square, Indore",150,25 years,N/A,2025-05-29 04:33:24
indore,Dr. Shaturghan Panjwani,"Dr. Shaturghan Panjwani Clinic, Sampadak Nai Duniya Kesarbad Road, Indore",80,23 years,N/A,2025-05-29 04:33:24
indore,Dr. Ajay Doshi,"Dr Ajay Doshi Clinic, Tilak Nagar, Indore",300,23 years,N/A,2025-05-29 04:33:24
indore,Dr. Sumeet Soni,"Child Care  Vaccination Centre, Indore Kanadia Road, Indore",250,14 years,N/A,2025-05-29 04:33:24
indore,Dr. Mahendra Singh Rathod,"Niraamay Women And Child Clinic, Tilak Nagar, Indore",400,9 years,N/A,2025-05-29 04:33:24
indore,Dr. Rakesh Jain,"Prem Family Care Clinic, Mahalaxmi Nagar Colony, Indore",50,41 years,N/A,2025-05-29 04:33:25
indore,Dr. Deepak Joshi,"Dr R.K. Joshis Clinic, Sudama Nagar, Indore",150,30 years,N/A,2025-05-29 04:33:25
indore,Dr. Prakash Nagar,"online consultation only, Khajrana, Indore",600,34 years,N/A,2025-05-29 04:33:25
jabalpur,Dr. Sudipto Samaddar,"Child Care Centre, Ranjhi, Jabalpur",500,38 years,N/A,2025-05-29 04:34:11
jabalpur,Dr. Girish Budhrani,"Muskan Child Care, Hathital, Jabalpur",200,27 years,N/A,2025-05-29 04:34:11
jabalpur,Dr. Akhilesh Sorada,"Department Of Paediatrics, Jabalpur City, Jabalpur",200,10 years,N/A,2025-05-29 04:34:11
jabalpur,Dr. Saurabh Jain,"Department Of Paediatrics, Jabalpur City, Jabalpur",200,10 years,N/A,2025-05-29 04:34:11
jaipur,Dr. Deepak Sharma,"Cradle Children Hospital, Vaishali Nagar, Jaipur",500,16 years,N/A,2025-05-29 04:36:33
jaipur,Dr. Sunil Agarwal,"Cradle Children Hospital, Vaishali Nagar, Jaipur",500,15 years,N/A,2025-05-29 04:36:34
jaipur,Dr. Alok Choudhary,"Cradle Children Hospital, Vaishali Nagar, Jaipur",500,20 years,N/A,2025-05-29 04:36:34
jaipur,Dr. Jagveer Singh,"Cradle Children Hospital, Vaishali Nagar, Jaipur",500,16 years,N/A,2025-05-29 04:36:34
jaipur,Dr. Devendra Kumar Sharma,"Cradle Children Hospital, Vaishali Nagar, Jaipur",500,15 years,N/A,2025-05-29 04:36:34
jaipur,Dr. Sharad Goyal,"Maternite Hospital, Pratap Nagar, Jaipur",400,15 years,N/A,2025-05-29 04:36:34
jaipur,Dr. Mohit Poddar,"Cradle Children Hospital, Vaishali Nagar, Jaipur",600,19 years,N/A,2025-05-29 04:36:34
jaipur,Dr. Sonu M. Karol,"Karol Childrens Hospital, Malviya Nagar, Jaipur",500,12 years,N/A,2025-05-29 04:36:34
jaipur,Dr. Sunita,"Cradle Children Hospital, Vaishali Nagar, Jaipur",500,11 years,N/A,2025-05-29 04:36:34
jaipur,Dr. Sushila Gupta,"Narmada Hospital and Diagnostic Centre, Murlipura, Jaipur",500,29 years,N/A,2025-05-29 04:36:34
jaipur,Dr. Arti Yadav,"Cradle Children Hospital, Vaishali Nagar, Jaipur",800,9 years,N/A,2025-05-29 04:37:12
jaipur,Dr. Aruna Jain,"Manipal Hospitals, Vidhyadhar Nagar, Jaipur",500,19 years,N/A,2025-05-29 04:37:12
jaipur,Dr. Sakshi Prabodh,"Cradle Children Hospital, Vaishali Nagar, Jaipur",500,10 years,N/A,2025-05-29 04:37:12
jaipur,Dr. Aashish Saini,"Cradle Children Hospital, Vaishali Nagar, Jaipur",500,8 years,N/A,2025-05-29 04:37:12
jaipur,Dr. Radha Chonsariya,"SRG Hospital, Heerapura, Jaipur",300,13 years,N/A,2025-05-29 04:37:13
jaipur,Dr. Latika Banshiwala,"Maternite Hospital, Pratap Nagar, Jaipur",300,9 years,N/A,2025-05-29 04:37:13
jaipur,Dr. Pravesh Kumar Sharma,"Srishti Medicare Private Limited, Jagatpura Road, Jaipur",400,13 years,N/A,2025-05-29 04:37:13
jaipur,Dr. Kapil Dhawan,"Amar Medical And Research Centre, Mansarovar, Jaipur",500,12 years,N/A,2025-05-29 04:37:13
jaipur,Dr. Keerti Gogra,"Child Cure Clinic, C Scheme, Jaipur",399,3 years,N/A,2025-05-29 04:37:13
jaipur,Dr. Poonam Mehta Goyal,"Goyal Urology And Child Care Centre, Vidhyadhar Nagar, Jaipur",500,18 years,N/A,2025-05-29 04:37:13
jaipur,Dr. Sandip Ray,"Child Care Clinic, Jagatpura, Jaipur",500,15 years,N/A,2025-05-29 04:37:13
jodhpur,Dr. Pradeep Jain,"Vatsalya Child Care, Jodhpur Shastri Nagar, Jodhpur",400,28 years,N/A,2025-05-29 04:38:33
jodhpur,Dr. Ashok Kumar Sharma,"Dr. Ashok Kumar Sharmas Clinic, Jodhpur Chopasni Road, Jodhpur",150,41 years,N/A,2025-05-29 04:38:33
jodhpur,Dr. Pavan Parihar,"Dr.Pavan Parihar Clinic, Shastri Nagar, Jodhpur",Free Consultation,27 years,N/A,2025-05-29 04:38:33
jodhpur,Dr. Anil Kumar,"Dr. Anil Kumars Clinic, Jodhpur Mahamandir, Jodhpur",150,18 years,N/A,2025-05-29 04:38:33
jodhpur,Dr. Ram Khetawat,"Dr. Ram Khetawats Clinic, Jodhpur Chopasni Road, Jodhpur",150,43 years,N/A,2025-05-29 04:38:33
jodhpur,Dr. R K Pamecha,"Medipulse Hospital, Basni, Jodhpur",500,45 years,N/A,2025-05-29 04:38:33
kolkata,Dr. Verma Clinic,N/A,600,45 years,N/A,2025-05-29 04:42:51
kolkata,Dr. Sayantan Bhowmick,"Manipal Hospitals (AMRI Hospitals), Mukundapur, Kolkata",1000,18 years,N/A,2025-05-29 04:43:26
kolkata,Dr. Saumyabrata Acharya,"Manipal Hospital Broadway (AMRI Hospitals), Salt Lake, Kolkata",1200,36 years,N/A,2025-05-29 04:43:26
kolkata,Dr. Arijita Chatterjee,"Desun Hospital, Kasba, Kolkata",750,11 years,N/A,2025-05-29 04:43:26
kolkata,Dr. Dafodil Ghatak,"Apollo Clinic, Beliaghata, Kolkata",700,9 years,N/A,2025-05-29 04:43:26
kolkata,Dr. Dipanjan Halder,"Desun Hospital, Kasba, Kolkata",1000,10 years,N/A,2025-05-29 04:43:26
kolkata,Dr. Sudeshna,"Apollo Clinic, Beliaghata, Kolkata",700,31 years,N/A,2025-05-29 04:43:26
kolkata,Dr. Jinia Saha,"Samaritan Clinic Private Limited, Bhawanipore, Kolkata",1500,7 years,N/A,2025-05-29 04:43:26
kolkata,Dr. Jemsy Jose,"Manipal Hospitals (AMRI Hospitals), Mukundapur, Kolkata",1000,33 years,N/A,2025-05-29 04:43:26
kolkata,Dr. Anirban Basu,"Safe Care Health Services, Tollygunge, Kolkata",400,20 years,N/A,2025-05-29 04:43:26
kolkata,Dr. Shibba Kanti Datta,"Desun Hospital, Kasba, Kolkata",1000,16 years,N/A,2025-05-29 04:43:27
kolkata,Dr. Sabyasachi Bhattacharya,"IRIS Hospital, Baghajatin, Kolkata",1000,25 years,N/A,2025-05-29 04:43:27
kolkata,Dr. Rama Manna,"IRIS Hospital, Baghajatin, Kolkata",700,18 years,N/A,2025-05-29 04:43:27
kolkata,Dr. Kakali Roy,"Apollo Clinic, Beliaghata, Kolkata",700,13 years,N/A,2025-05-29 04:43:27
kolkata,Dr. Hriday De,"Apollo Sugar Clinic, Beliaghata, Kolkata",750,9 years,N/A,2025-05-29 04:43:27
kolkata,Dr. Punit Goenka,"Manipal Hospital Broadway (AMRI Hospitals), Salt Lake, Kolkata",1000,20 years,N/A,2025-05-29 04:43:27
kozhikode,Dr. Rakesh P V,"Sreelakshmi Home Clinic, Malaparamba, Kozhikode",200,35 years,N/A,2025-05-29 04:44:54
kozhikode,Dr. M M Abdussalam,"Dr SalamS New Born And ChildrenS Clinic, Puthiyangadi, Kozhikode",250,26 years,N/A,2025-05-29 04:44:54
kozhikode,Dr. Fazil KT,"Iqraa Community Clinic, Kotuvalli, Kozhikode",200,8 years,N/A,2025-05-29 04:44:54
lucknow,Medanta,N/A,1000,16 years,N/A,2025-05-29 04:46:47
lucknow,Dr. Utkarsh Bansal,"Om Child Care  Vaccination Clinic, Nishath Ganj, Lucknow",500,18 years,N/A,2025-05-29 04:47:22
lucknow,Dr. Sitikant Mohapatra,"The Doctors Arena, Aliganj, Lucknow",500,23 years,N/A,2025-05-29 04:47:22
lucknow,Dr. Umesh Singh,"Shishu Pediatric Clinic, Sector-c Sitapur Rd, Lucknow",200,17 years,N/A,2025-05-29 04:47:22
lucknow,Dr. Ravi Arora,"Tanisha Medical Centre, Aliganj sector K, Lucknow",500,35 years,N/A,2025-05-29 04:47:22
lucknow,Dr. Ashutosh Kumar,"Chandraa Clinic, Alambagh, Lucknow",500,45 years,N/A,2025-05-29 04:47:22
lucknow,Dr. M. U. Hasan,"Tender Touch Clinic, Vikas Nagar, Lucknow",300,24 years,N/A,2025-05-29 04:47:22
lucknow,Dr. Sushama Nishant Upadhyay,"Kilkari Clinic, Indira Nagar, Lucknow",500,18 years,N/A,2025-05-29 04:47:22
lucknow,Dr. Mohammad Rehan,"Childrens Clinic, Vikas Nagar, Lucknow",200,27 years,N/A,2025-05-29 04:47:22
lucknow,Dr. A.K. Verma,"Srishti Newborn Care Centre, Indira Nagar, Lucknow",300,31 years,N/A,2025-05-29 04:47:23
lucknow,Dr. Jasminder Monga,"Monga Joint Replacement  Trauma Centre, Singar Nagar, Lucknow",300,27 years,N/A,2025-05-29 04:47:23
lucknow,Dr. Saima F. Khan,"Medanta, Vrindavan yojana, Lucknow",600,15 years,N/A,2025-05-29 04:47:23
lucknow,Dr. Abhishek Mishra,"Child Care Clinic, Jankipuram Extension, Lucknow",200,20 years,N/A,2025-05-29 04:47:23
lucknow,Dr. T.R. Yadav,"Global Child Care Centre, Aliganj, Lucknow",500,20 years,N/A,2025-05-29 04:47:23
lucknow,Dr. Rahul Dixit,"Charak Hospital, Dubagga, Lucknow",500,7 years,N/A,2025-05-29 04:47:23
lucknow,Dr. Sanjay Rohatgi,"Rohatgis Child Care Clinic, Mahanagar, Lucknow",400,41 years,N/A,2025-05-29 04:47:23
lucknow,Dr. Maroof Jilani Khan,"Jilani Clinic, Chowk, Lucknow",300,20 years,N/A,2025-05-29 04:47:23
lucknow,Dr. Ahsan Azaz,"Child Health Centre, Khadra, Lucknow",200,19 years,N/A,2025-05-29 04:47:23
lucknow,Dr. Narendra Rai,"Child Care, Gomtinagar, Lucknow",500,12 years,N/A,2025-05-29 04:47:23
lucknow,Dr. Saleem Lawrence,"Dr Saleem Lawrences Pediatric Clinic, Gomtinagar, Lucknow",300,26 years,N/A,2025-05-29 04:47:23
lucknow,Dr. Anil Kumar,"Anil Kumar Clinic, Aliganj, Lucknow",200,50 years,N/A,2025-05-29 04:48:00
lucknow,Dr. Niranjan Kumar Singh,"Vinayak Child Care, Jankipuram, Lucknow",300,20 years,N/A,2025-05-29 04:48:00
lucknow,Dr. Deep Varma,"Varma Clinic, Indira Nagar, Lucknow",400,52 years,N/A,2025-05-29 04:48:00
lucknow,Dr. Nyay Bhai Gupta,"Shourya Polyclinic And Vaccination Centre, Indira Nagar, Lucknow",500,17 years,N/A,2025-05-29 04:48:00
lucknow,Dr. Neeta Bhargava,"Dr Neeta Bhargav, Aishbagh, Lucknow",200,31 years,N/A,2025-05-29 04:48:01
lucknow,Dr. Vinay Kr. Gupta,"Babies Clinic, Lucknow, Lucknow",200,18 years,N/A,2025-05-29 04:48:01
lucknow,Dr. S K Chauhan,"Sakshi Clinic, L D A Colony, Lucknow",300,22 years,N/A,2025-05-29 04:48:01
lucknow,Dr. Rita Bagchi,"Shishu Mangal Bal Chikitsalya, Indira Nagar, Lucknow",350,41 years,N/A,2025-05-29 04:48:01
lucknow,Dr. Pranjali Saxena,"Healthy Steps, Gomtinagar Vistar, Lucknow",600,16 years,N/A,2025-05-29 04:48:01
lucknow,Dr. Ravi Bigghe,"Ravi Clinic, Lucknow Chowk, Lucknow",300,39 years,N/A,2025-05-29 04:48:01
lucknow,Dr. Md. Islam,"Nisha Clinic, Chowk, Lucknow",500,22 years,N/A,2025-05-29 04:48:01
ludhiana,Dr. Nitin Gupta,"Cloudnine Hospital, Mahaveer Nagar, Ludhiana",700,14 years,N/A,2025-05-29 04:48:42
ludhiana,Dr. Gurmeet Kaur,"Cloudnine Hospital, Mahaveer Nagar, Ludhiana",700,37 years,N/A,2025-05-29 04:48:42
ludhiana,Dr. Gaurav Mittal,"Mittal Dental and Children Multispeciality Clinic, New Hargobind Nagar, Ludhiana",500,25 years,N/A,2025-05-29 04:48:42
ludhiana,Dr. Rajiv Verma,"Well Baby Clinic, Pakhowal Road, Ludhiana",500,30 years,N/A,2025-05-29 04:48:42
ludhiana,Dr. Nupur Goel,"Cloudnine Hospital, Mahaveer Nagar, Ludhiana",700,8 years,N/A,2025-05-29 04:48:42
ludhiana,Dr. Sukhpreet Kaur,"Cloudnine Hospital, Mahaveer Nagar, Ludhiana",700,9 years,N/A,2025-05-29 04:48:42
ludhiana,Dr. Devendra Singh Batth,"Sehat Hospital, Urban Estate Phase 1, Ludhiana",350,34 years,N/A,2025-05-29 04:48:42
ludhiana,Dr. Uppal Saurabh,"Deep Children Hospital, Model Town, Ludhiana",500,16 years,N/A,2025-05-29 04:48:42
ludhiana,Dr. Narinder Toor,"Toor Hospital, Haibowal Kalan, Ludhiana",550,32 years,N/A,2025-05-29 04:48:43
ludhiana,Dr. Puneesh Saggar,"Saggar Newborn and Child Care Centre, SBI Civil Lines, Ludhiana",200,17 years,N/A,2025-05-29 04:48:43
ludhiana,Dr. R C Bhatia,"Dr RC Bhatia Clinic, SBI Civil Lines, Ludhiana",200,45 years,N/A,2025-05-29 04:49:19
ludhiana,Dr. Swarn Jeet S.Luthra,"Dr. S.J.S Luthuras Clinic, BRS Nagar, Ludhiana",200,53 years,N/A,2025-05-29 04:49:19
ludhiana,Dr. Ashish Wadhwa,"Amrit Nursing Home And General Hospital, Ludhiana, Ludhiana",400,38 years,N/A,2025-05-29 04:49:19
ludhiana,Dr. Vishal Gupta,"The Gargs Children Clinic, New Janta Nagar, Ludhiana",200,15 years,N/A,2025-05-29 04:49:19
ludhiana,Dr. G.P Singh,"Dr. G.P Singhs Clinic, Sarabha Nagar, Ludhiana",300,38 years,N/A,2025-05-29 04:49:19
ludhiana,Dr. Rajinder Singh Sibia,"Sibias Children Clinic, Sarabha Nagar, Ludhiana",300,43 years,N/A,2025-05-29 04:49:20
ludhiana,Dr. Tarun K Sharma,"Gurdev Hospital, Madhuban Enclave, Ludhiana",300,34 years,N/A,2025-05-29 04:49:20
ludhiana,Dr. Satish Sood,"Dr. Satish Sood Clinic, Model Town, Ludhiana",N/A,51 years,N/A,2025-05-29 04:49:20
ludhiana,Dr. NIraj Thapar,"Suman Hospital, Model Town, Ludhiana",800,29 years,N/A,2025-05-29 04:49:20
ludhiana,Dr. V.P. Takkar,"Takkar Children Nursing Home  Hospital, SBI Civil Lines, Ludhiana",500,52 years,N/A,2025-05-29 04:49:20
ludhiana,Dr. Bhavna Gupta,"Dr. Bhavna Gupta Clinic, Mullanpur, Ludhiana",300,4 years,N/A,2025-05-29 04:49:20
ludhiana,Dr. NEDA PASYAR,"Indian Health Center, Pediatric Clinic, Rose Garden, Ludhiana",Free Consultation,31 years,N/A,2025-05-29 04:49:20
ludhiana,Dr. Amita Sodhi,"V Care EndoBloom Clinic, New Shivaji Nagar, Ludhiana",200,5 years,N/A,2025-05-29 04:49:20
ludhiana,Dr. Aayush Gupta,"Endocare, Kitchlu nagar, Ludhiana",500,12 years,N/A,2025-05-29 04:49:20
madurai,Bharathi Hospital,N/A,300,24 years,N/A,2025-05-29 04:50:09
meerut,Dr. Sharad Jain,"New Born Child Clinic, Meerut Kutchery, Meerut",800,21 years,N/A,2025-05-29 04:52:33
meerut,Dr. Gagan Agrawal,"Dr. Gagan Agrawal ,Shri Sai Advanced Newborn  Childcare Centre, Ganga Nagar, Meerut",600,21 years,N/A,2025-05-29 04:52:33
meerut,Dr. Rakesh Kumar Sharma,"Dr. Rakesh Sharmas Clinic, Madhavpuram, Meerut",400,41 years,N/A,2025-05-29 04:52:33
meerut,Dr. Vineet Saxena,"Anand Hospital, Damoder Colony, Meerut",400,28 years,N/A,2025-05-29 04:52:33
meerut,Dr. Y.K Khurana,"Dr. Y.K. Khuranas Clinic, Chhipi Tank, Meerut",200,61 years,N/A,2025-05-29 04:52:33
meerut,Dr. Umang Arora,"Dr. Umang Aroras Clinic, Subhash Nagar, Meerut",800,28 years,N/A,2025-05-29 04:52:34
meerut,Dr. Pankaj Goel,"Dr. Pankaj Goels Clinic, Jattiwara, Meerut",300,33 years,N/A,2025-05-29 04:52:34
meerut,Dr. Sanjeev Goel,"Dr. Sanjeev Goels Clinic, Subhash Nagar, Meerut",500,32 years,N/A,2025-05-29 04:52:34
meerut,Dr. Vivek Mishra,"Dr. Vivek Mishras Clinic, Subhash Bazar, Meerut",300,21 years,N/A,2025-05-29 04:52:34
meerut,Dr. Sachin Jain,"Arihant Mother and Child Clinic, Devpuri, Meerut",200,16 years,N/A,2025-05-29 04:52:34
meerut,Dr. Anil Arora,"Dr. Anil Aroras Clinic, Begum Bagh, Meerut",300,31 years,N/A,2025-05-29 04:53:11
meerut,Dr. Chandra Mathur Sharma,"Lifeline Hospital, Kanker Khera, Meerut",300,15 years,N/A,2025-05-29 04:53:11
meerut,Dr. Pramod Chauhan,"DR Chauhan Clinic, Panchsheel Colony, Meerut",600,42 years,N/A,2025-05-29 04:53:11
meerut,Dr. Shubham Jain,"Shubham Hospital, Meerut Cantt, Meerut",600,9 years,N/A,2025-05-29 04:53:11
mumbai,Smile Children Clinic,N/A,2000,40 years,N/A,2025-05-29 04:54:08
mumbai,Dr. Vaidehi Dande,"Care For You Clinic, Prabhadevi, Mumbai",1500,21 years,N/A,2025-05-29 04:54:46
mumbai,Dr. Prashant Gandhi,"Prisha Medical Centre, Kandivali East, Mumbai",1200,30 years,N/A,2025-05-29 04:54:46
mumbai,Dr. Rahul Shukla,"Shiv Om Hospital, Mira Road, Mumbai",800,12 years,N/A,2025-05-29 04:54:46
mumbai,Dr. Shilpa Nayak,"Asthma Allergy Clinic, Andheri West, Mumbai",1500,22 years,N/A,2025-05-29 04:54:46
mumbai,Dr. Lokesh Banodkar,"Dr. Lokesh Banodkar Childrens Clinic, Ghatkopar East, Mumbai",1000,26 years,N/A,2025-05-29 04:54:46
mumbai,Dr. Nimish Kulkarni,"Nextgen Paediatrics, Bandra West, Mumbai",1500,14 years,N/A,2025-05-29 04:54:46
mumbai,Dr. Aditi Birje,"Shree Gurumaauli Clinic, Borivali, Mumbai",1000,10 years,N/A,2025-05-29 04:54:46
mumbai,Dr. Bharti Rajendra Dhuri,"Dr. Bhartis Surudha Child Care Clinic, Mira Road, Mumbai",700,7 years,N/A,2025-05-29 04:54:46
mumbai,Dr. Shagun Shah Gandbhir,"First Steps Clinic, Kalachowki, Mumbai",1000,10 years,N/A,2025-05-29 04:54:46
mumbai,Dr. Chhaya Kushwaha,"Care  Cure Medical Centre, Chembur, Mumbai",1200,35 years,N/A,2025-05-29 04:54:46
mumbai,Dr. Mythily Sindhur Boreddy,"Baby Shark Childrens Clinic, Powai, Mumbai",800,12 years,N/A,2025-05-29 04:54:46
mumbai,Dr. Ratna Gore Lalwani,"Adi Arogyam Suman Ramesh Tulsiani Hospital, Vikhroli, Mumbai",1000,26 years,N/A,2025-05-29 04:54:46
mumbai,Dr. Kesha Nayak,"Asha Maternity  General Hospital, Malad East, Mumbai",800,7 years,N/A,2025-05-29 04:54:46
mumbai,Dr. Siddharth Kannan,"Kalyani Child Care  Allergy Asthma Centre, Kandivali East, Mumbai",800,12 years,N/A,2025-05-29 04:54:47
mumbai,Dr. Mili S. Joshi,"Dr. Mili Joshis Clinic, Santacruz East, Mumbai",1000,28 years,N/A,2025-05-29 04:54:47
mumbai,Dr. Tanushri Mukherjee,"Cloudnine Hospital, Malad West, Mumbai",1300,19 years,N/A,2025-05-29 04:54:47
mumbai,Dr. Amit Ashok Karajagi,"Adi Arogyam Suman Ramesh Tulsiani Hospital, Vikhroli, Mumbai",1000,14 years,N/A,2025-05-29 04:54:47
mumbai,Dr. Udani Amish,"Cloudnine Hospital, Malad West, Mumbai",1350,23 years,N/A,2025-05-29 04:54:47
mumbai,Dr. Shruti Avinash Bajaj,"Cloudnine Hospital, Malad West, Mumbai",3600,17 years,N/A,2025-05-29 04:54:47
mumbai,Dr. Piyush Sureshkumar Shah,"Cloudnine Hospital, Malad West, Mumbai",1300,20 years,N/A,2025-05-29 04:55:24
mumbai,Dr. Shruti Eshan Dabhade,"Surhudh Clinic, Borivali West, Mumbai",1500,7 years,N/A,2025-05-29 04:55:24
mumbai,Dr. Vilas Kulkarni,"Kulkarni Hospital, Andheri West, Mumbai",1000,55 years,N/A,2025-05-29 04:55:24
mumbai,Dr. Zinal,"Mothers Care Clinic, Andheri West, Mumbai",2000,27 years,N/A,2025-05-29 04:55:24
mumbai,Dr. Yogesh P Mehta,"Mehtas Clinic, Ghatkopar West, Mumbai",1000,40 years,N/A,2025-05-29 04:55:24
mumbai,Dr. Sujata Chitnis,"Smeet Nursing Home, Vileparle East, Mumbai",1500,44 years,N/A,2025-05-29 04:55:24
mumbai,Dr. Anjali Raghunath,"Adi Arogyam Suman Ramesh Tulsiani Hospital, Vikhroli, Mumbai",1000,2 years,N/A,2025-05-29 04:55:24
mumbai,Dr. Vimmi Tripathi,"Cloudnine Hospital, Malad West, Mumbai",1100,9 years,N/A,2025-05-29 04:55:24
mumbai,Dr. Priyanka Parikh,"Cloudnine Hospital, Malad West, Mumbai",3600,28 years,N/A,2025-05-29 04:55:25
mumbai,Dr. Shreyansh Prasad Patil,"Cloudnine Hospital, Malad West, Mumbai",1100,10 years,N/A,2025-05-29 04:55:25
mumbai,Dr. Bhavesh Doshi,"Cloudnine Hospital, Malad West, Mumbai",1600,16 years,N/A,2025-05-29 04:55:25
nagpur,Dr. Sharwari Rathi,"Rathi Clinic- Child And Dental Care, Dhantoli, Nagpur",400,16 years,N/A,2025-05-29 04:56:07
nagpur,Dr. Nilesh Darvehkar,"Nelson Hospital, Dhantoli, Nagpur",700,20 years,N/A,2025-05-29 04:56:07
nagpur,Dr. Bhaskar Gupta,"Max Super Speciality Hospital, Mankapur, Nagpur",350,38 years,N/A,2025-05-29 04:56:07
nagpur,Dr. Jiwan Kinkar,"Nelson Hospital, Dhantoli, Nagpur",800,14 years,N/A,2025-05-29 04:56:07
nagpur,Dr. Yash Banait,"Nelson Hospital, Dhantoli, Nagpur",700,11 years,N/A,2025-05-29 04:56:07
nagpur,Dr. Kaustubh Bahatkar,"Max Super Speciality Hospital, Mankapur, Nagpur",350,13 years,N/A,2025-05-29 04:56:07
nagpur,Dr. Uday Bodhankar,"Bodhankar Children Hospital, Ramdaspeth, Nagpur",1000,49 years,N/A,2025-05-29 04:56:07
nagpur,Dr. Surabhi Sangwai Goverdhan,"BirthBeyond Clinic - Child Specialist and Lactation Consultant, Bajaj Nagar, Nagpur",1000,14 years,N/A,2025-05-29 04:56:07
nagpur,Dr. Rajkumar Kiratkar,"ANMOL MATERNITY AND NURSING HOME, Azamshah Layout, Nagpur",300,28 years,N/A,2025-05-29 04:56:07
nagpur,Dr. Anup Radke,"Gopal Hospital, Vivekanand Nagar, Nagpur",100,46 years,N/A,2025-05-29 04:56:08
nagpur,Dr. Anju Kadu,"Dr. Anjus Kinder Clinic, Khamla, Nagpur",200,21 years,N/A,2025-05-29 04:56:43
nagpur,Dr. Chetan Shende,"Dr. Chetan Shendes Child Clinic, Laxmi Nagar, Nagpur",300,19 years,N/A,2025-05-29 04:56:43
nagpur,Dr. Arvind Kinage,"Dr. Arvind Kinage Clinic, Pratap Nagar, Nagpur",100,37 years,N/A,2025-05-29 04:56:43
nagpur,Dr. Umesh Biyani,"Kalpataru Clinic and Diagnostic Centre, Ramdaspeth, Nagpur",500,11 years,N/A,2025-05-29 04:56:43
nagpur,Dr. Shirish Modi,"Dr.Shirish Modi Clinic, Itwari, Nagpur",100,25 years,N/A,2025-05-29 04:56:43
nagpur,Dr. Nita Joshi,"Dr. (Mrs) Nita Joshi Clinic, Amravati Road, Nagpur",200,43 years,N/A,2025-05-29 04:56:43
nagpur,Dr. Rajesh Agrawal,"Agrawal Clinic, Dharampeth, Nagpur",400,28 years,N/A,2025-05-29 04:56:43
nagpur,Dr. Urmila Dahake,"Vatsalya Child Development Center, Manewada, Nagpur",500,21 years,N/A,2025-05-29 04:56:43
nagpur,Dr. Bhupendra Asudani,"Little Stars Child Clinic, Jaripatka, Nagpur",150,14 years,N/A,2025-05-29 04:56:43
nagpur,Dr. Vipin Jaiswal,"Dr Jaiswals Clinic, Azamshah Layout, Nagpur",150,20 years,N/A,2025-05-29 04:56:43
nagpur,Dr. Nikhil Patil,"Ankur Clinic, Mhalgi Nagar, Nagpur",120,20 years,N/A,2025-05-29 04:56:43
nagpur,Dr. Amit Arora,"Vaishnavi Clinic, Wardhaman Nagar, Nagpur",200,16 years,N/A,2025-05-29 04:56:43
nagpur,Dr. Swapnil Wathore,"Yuva Skin and Child Clinic, Jaripatka, Nagpur",300,10 years,N/A,2025-05-29 04:56:44
nagpur,Dr. Sunil Rao,"Shri Sai Clinic, Katolroad, Nagpur",100,35 years,N/A,2025-05-29 04:56:44
nagpur,Dr. Abhishek Madhura,"Child And Adolescent Clinic, Katolroad, Nagpur",800,21 years,N/A,2025-05-29 04:56:44
nagpur,Dr. Prashant. R. Sapate,"Dr. Sapate Nursing Home, Trimurti Nagar, Nagpur",200,22 years,N/A,2025-05-29 04:56:44
nagpur,Dr. Gopal Mohata,"Mohatas Clinic, Mahal, Nagpur",60,40 years,N/A,2025-05-29 04:56:44
nagpur,Dr. Prashant Bhutada,"Bhutada Child Hospital, Gandhibagh, Nagpur",200,24 years,N/A,2025-05-29 04:56:44
nagpur,Dr. Pankaj Agrawal,"Gayatri Child Clinic, Dharampeth, Nagpur",100,15 years,N/A,2025-05-29 04:56:44
nagpur,Dr. Dhanajay Vithalkar,"Sayali Clinic, Medical College, Nagpur",100,38 years,N/A,2025-05-29 04:56:44
nagpur,Dr. Chetan Dixit,"Pediatrician and Neonatologist Clinic, Dhantoli, Nagpur",250,20 years,N/A,2025-05-29 04:57:21
nagpur,Dr. Pravir Trivedi,"Child Clinic, Manewada Road, Nagpur",200,18 years,N/A,2025-05-29 04:57:21
nagpur,Dr. Kamlesh Bhoyar,"Mother And Child Clinic, Nandavan Colony, Nagpur",150,17 years,N/A,2025-05-29 04:57:21
nagpur,Dr. Avinash Gawande,"Nandita Child Clinic, Ajni, Nagpur",200,21 years,N/A,2025-05-29 04:57:21
nagpur,Dr. Avinash Arke,"Avipriya Heart Clinic, Manish Nagar, Nagpur",500,19 years,N/A,2025-05-29 04:57:21
nagpur,Dr. Nishikant Dahiwale,"Oxycare Child And Mother Care, Pratap Nagar, Nagpur",200,17 years,N/A,2025-05-29 04:57:21
nagpur,Dr. Pravin Khapekar,"Aastha Childrens Hospital, Ramdaspeth, Nagpur",500,32 years,N/A,2025-05-29 04:57:21
nagpur,Dr. Kiran Vaidya,"Vaidya Nursing Home, Khamla, Nagpur",500,35 years,N/A,2025-05-29 04:57:21
nagpur,Dr. Vinay Naole,"Dr. Naole Child Care Center  Dental Clinic, Kharbi, Nagpur",150,20 years,N/A,2025-05-29 04:57:21
nagpur,Dr. Nagesh Jaiswal,"Jaiswal Clinic, Mahal, Nagpur",50,28 years,N/A,2025-05-29 04:57:21
nashik,Pranah Clinic,N/A,600,18 years,N/A,2025-05-29 04:57:34
nashik,Dr. Rushikesh Kute,"Rudra Mother And Child Care Clinic, Gangapur, Nashik",500,19 years,N/A,2025-05-29 04:58:09
nashik,Dr. Shama Jagadish Kulkarni,"Jagadisha Child Guidance, Indira Nagar, Nashik",500,42 years,N/A,2025-05-29 04:58:10
nashik,Dr. Vijay Deore,"Dr Vijay Deore, Gole Colony, Nashik",300,45 years,N/A,2025-05-29 04:58:10
nashik,Dr. Dinesh Thakur,"Shri Gajanan Clinic, Cidco Colony, Nashik",150,25 years,N/A,2025-05-29 04:58:10
nashik,Dr. P J Patel,"P J Patel Clinic, Canada Corner, Nashik",200,34 years,N/A,2025-05-29 04:58:10
nashik,Dr. Chandrakant Survase,"DR SURVASE CLINIC, Dwarka Corner, Nashik",400,37 years,N/A,2025-05-29 04:58:10
nashik,Dr. Kedar Malwatkar,"Wockhardt Hospital, Wadala, Nashik",420,37 years,N/A,2025-05-29 04:58:10
nashik,Dr. Vikas Chandrakant Mahajan,"Shri Dutt Baal Rugnalaya, Cidco Colony, Nashik",100,19 years,N/A,2025-05-29 04:58:10
nashik,Dr. Sagar Bhalerao,"Apollo Hospital, Panchvati, Nashik",400,20 years,N/A,2025-05-29 04:58:10
nashik,Dr. Pushpak Harish Palod,"Suyash Hospital, Indira Nagar, Nashik",300,11 years,N/A,2025-05-29 04:58:10
nashik,Dr. Sneha Nikhil Pawar,"Vidya Vikas Hospital, Gangapur, Nashik",500,15 years,N/A,2025-05-29 04:58:10
nashik,Dr. Nilesh Desai,"Balpan Clinic, Pathardi, Nashik",100,17 years,N/A,2025-05-29 04:58:10
nashik,Dr. Rahul Patil,"Vaasu Clinic, Panchvati, Nashik",150,20 years,N/A,2025-05-29 04:58:10
nashik,Dr. Amol Shivaji Murkute,"Little Angel Child Angel, Sharanpur, Nashik",200,14 years,N/A,2025-05-29 04:58:10
nashik,Dr. Manoj Kadam,"Kidz Care Children Clinic, Dsouza Colony, Nashik",200,25 years,N/A,2025-05-29 04:58:10
nashik,Dr. Milind Bhadane,"Dr Milind Bhadane Clinic, Uttam Nagar, Nashik",100,20 years,N/A,2025-05-29 04:58:11
nashik,Dr. Prajakta P. Jadhav,"Dr Jadhav Child Clinic, Kamgar Nagar, Nashik",100,19 years,N/A,2025-05-29 04:58:11
nashik,Dr. Abhaykumar Tilak,"Dr. Abhay Tilak Clinic, Panchvati, Nashik",300,46 years,N/A,2025-05-29 04:58:11
nashik,Dr. Sujeet Phadke,"Dr Phadke Clinic, H P T College, Nashik",150,29 years,N/A,2025-05-29 04:58:11
nashik,Dr. Dinesh Gharte,"Vijaya Clinic, Panchvati, Nashik",200,25 years,N/A,2025-05-29 04:58:11
nashik,Dr. Akshay Patil,"Patil Child Health Clinic, Manik Nagar, Nashik",400,10 years,N/A,2025-05-29 04:58:47
nashik,Dr. Surpure Shreyas Anil,"Arihant Homeo Cure, Manmad, Nashik",800,9 years,N/A,2025-05-29 04:58:47
patna,Dr. Vivekanand,"Jagdamba Baby Care and Vaccination Centre, Kankarbagh, Patna",600,18 years,N/A,2025-05-29 04:59:31
patna,Dr. Ratan Kumar,"Neelratan Medical Centre, West Patel Nagar, Patna",500,26 years,N/A,2025-05-29 04:59:31
patna,Dr. Arvind Kumar,"Baby Nest Mother  Child Care, North Sri Krishna Puri, Patna",500,12 years,N/A,2025-05-29 04:59:31
patna,Dr. Anup Kumar,"Patna Children Hospital And Newborn Care Centre, Kankarbagh, Patna",500,23 years,N/A,2025-05-29 04:59:31
patna,Dr. Arun Kumar Thakur,"Mangalam Bal Chikitsa Kendra, Rajendra Nagar, Patna",500,53 years,N/A,2025-05-29 04:59:32
patna,Dr. Sudhanshu Kumar,"Oshodhara Mother and Child Hospital Pvt Ltd, Kankarbagh, Patna",500,35 years,N/A,2025-05-29 04:59:32
patna,Dr. Mani Bhushan,"Advanced Child Care and Cure, Hanuman Nagar, Patna",500,22 years,N/A,2025-05-29 04:59:32
patna,Dr. Tarun Bharthuar,"Bharthuar Dental Clinic, Gardanibagh, Patna",300,43 years,N/A,2025-05-29 04:59:32
patna,Dr. Madhu Sinha,"Dr. Madhu Sinha Clinic, Danapur Cantt, Patna",300,31 years,N/A,2025-05-29 04:59:32
patna,Dr. Rakesh Kumar,"Shrinivas Hospital, Kankarbagh, Patna",500,23 years,N/A,2025-05-29 04:59:32
patna,Dr. Rakesh Kumar,"Sunrise Newborn And Child Care, Anisabad, Patna",300,20 years,N/A,2025-05-29 05:00:08
patna,Dr. Shrawan Kumar,"New Born Care Centre, Rajendra Nagar, Patna",500,37 years,N/A,2025-05-29 05:00:08
patna,Dr. K.K.Singh,"Dr.K.K.Singh Clinic, Pachhim Darwaza, Patna",150,12 years,N/A,2025-05-29 05:00:08
patna,Dr. Shailendra Kumar,"Shailendra Kumar Clinic, Danapur Cantt, Patna",200,45 years,N/A,2025-05-29 05:00:08
patna,Dr. Anil Kumar,"Prisha Child Care, Ramkrishan Nagar, Patna",300,23 years,N/A,2025-05-29 05:00:08
patna,Dr. Varun Kumar,"Shishu Mangal Clinic, Kankarbagh, Patna",300,15 years,N/A,2025-05-29 05:00:08
patna,Dr. Harit Prasad,"Omya child care, Patliputra, Patna",300,9 years,N/A,2025-05-29 05:00:08
patna,Dr. Mohan Kejriwal,"Kid Care Clinic, Chiraiyatand, Patna",500,35 years,N/A,2025-05-29 05:00:08
patna,Dr. Vivek Ranjan,"New Born And Child Care With Vaccination Center, Bihta, Patna",500,12 years,N/A,2025-05-29 05:00:08
patna,Dr. Samit,"Vani Healthcare, Kankarbagh, Patna",300,17 years,N/A,2025-05-29 05:00:08
patna,Dr. S.B. Kumar,"Arogya Bachpan, Rukunpura, Patna",300,26 years,N/A,2025-05-29 05:00:09
patna,Dr. Brajesh Kumar Tiwari,"Kuldeep Clinic, Danapur Cantt, Patna",300,27 years,N/A,2025-05-29 05:00:09
patna,Dr. Rakesh Kumar Sharma,"Mother  Child Care Clinic, L.B.S Nagar, Patna",200,17 years,N/A,2025-05-29 05:00:09
patna,Dr. Amit Kumar,"Mother  Child Care Clinic, Danapur Cantt, Patna",200,19 years,N/A,2025-05-29 05:00:09
patna,Dr. S P Upadhya,"Dr. S P Upadhya Clinic, Patna, Patna",200,31 years,N/A,2025-05-29 05:00:09
patna,Dr. Arvind Kumar,"Dr.Arvind Kumar Clinic, P.M.C.H, Patna",200,16 years,N/A,2025-05-29 05:00:09
patna,Dr. Md. Sajid,"Baby Home Clinic, Ashiananagar, Patna",300,21 years,N/A,2025-05-29 05:00:09
patna,Dr. Veena Gupta,"Dr Veena Guptas Clinic, Sri Krishnapuri, Patna",500,44 years,N/A,2025-05-29 05:00:09
patna,Dr. Rohit,"Baby and Child Care Hospital, Gardanibagh, Patna",300,19 years,N/A,2025-05-29 05:00:09
patna,Dr. R.K.Singh,"Sai child care, Kankad Bagh, Patna",200,32 years,N/A,2025-05-29 05:00:09
patna,Dr. Kumud Babu Singh,"UMA CHILDREN HOSPITAL  IMMUNISATION CENTRE, Rajendra Nagar, Patna",300,14 years,N/A,2025-05-29 05:00:47
patna,Dr. Ridu kumar,"Magadh Cancer Centre, Patna Sectt., Patna",500,16 years,N/A,2025-05-29 05:00:47
patna,Dr. santosh kumar,"Newborn and Child Care Centre, Boring Road, Patna",500,15 years,N/A,2025-05-29 05:00:47
patna,Dr. Manish Kumar Singh,"Dolphin Child Care Center, Boring Canal Road, Patna",300,17 years,N/A,2025-05-29 05:00:47
patna,Dr. Utkarsh Anand,"Little Heart and Tiny Tummies, Patliputra, Patna",500,12 years,N/A,2025-05-29 05:00:47
patna,Dr. Vinay Kumar,"Mother And Child Clinic, Raja Bazar, Patna",500,11 years,N/A,2025-05-29 05:00:47
patna,Dr. Poorvi Gupta,"Little Heart and Tiny Tummies, Patliputra, Patna",500,6 years,N/A,2025-05-29 05:00:47
patna,Dr. Sanjeev Kumar,"Medicity Childrens Clinic, Anisabad, Patna",500,21 years,N/A,2025-05-29 05:00:47
patna,Dr. Lal Narayan Singh,"Sant Advance Child Care Center, Rukunpura, Patna",300,11 years,N/A,2025-05-29 05:00:47
patna,Dr. Gautam Kishore Verma,"APG Children Hospital, Patliputra, Patna",600,17 years,N/A,2025-05-29 05:00:47
puducherry,Dr. S..Chandran,"Chandran Clinic, Puducherry Bazaar, Puducherry",150,50 years,N/A,2025-05-29 05:01:28
puducherry,Dr. S Ratna Dhanaventhan,"Ratna Child Care Clinic, Mottoupalayam, Puducherry",200,18 years,N/A,2025-05-29 05:01:28
puducherry,Dr. R Murali,"Dr. R Murali, White Town, Puducherry",150,39 years,N/A,2025-05-29 05:01:28
puducherry,Dr. Agila A,"True Faith Health Care Centre, Lawspet, Puducherry",150,12 years,N/A,2025-05-29 05:01:28
puducherry,Dr. D Padmavathy,"Padhmavathi Clinic, Muthialpet, Puducherry",100,32 years,N/A,2025-05-29 05:01:29
puducherry,Dr. B.Johnson Reddy,"Johnson Reddy Clinic, Lawspet, Puducherry",150,25 years,N/A,2025-05-29 05:01:29
puducherry,Dr. R Suresh,"Sri Ram Clinic, Muthialpet, Puducherry",100,34 years,N/A,2025-05-29 05:01:29
puducherry,Dr. C Hemarani,"Dr C Hemarani, Lawspet, Puducherry",100,27 years,N/A,2025-05-29 05:01:29
puducherry,Dr. N Dinesh Kumar,"Kumaran Child Care Clinic, Mudaliarpet, Puducherry",100,17 years,N/A,2025-05-29 05:01:29
puducherry,Dr. T.Bharath Kumar,"Thavanshika Child Care, Puducherry Bazaar, Puducherry",100,22 years,N/A,2025-05-29 05:01:29
puducherry,Dr. Anand Arokiaraj,"L.K Nursing Home, Lawspet, Puducherry",300,15 years,N/A,2025-05-29 05:02:03
puducherry,Dr. N.Shanmugananthan,"Saro Child Care Clinic, Kathirkamam, Puducherry",200,27 years,N/A,2025-05-29 05:02:03
pune,Nurture Child Care Clinic,N/A,600,31 years,N/A,2025-05-29 05:03:02
pune,Dr. Saurabh Sharma,"Blooming Tads, Mohammadwadi, Pune",800,16 years,N/A,2025-05-29 05:03:38
pune,Dr. Devendra Satpute,"Aditya Birla Memorial Hospital, Pimpri-Chinchwad, Pune",1000,14 years,N/A,2025-05-29 05:03:38
pune,Dr. Varsha Kataria,"Apollo Clinic, Kharadi, Pune",800,37 years,N/A,2025-05-29 05:03:38
pune,Dr. Suhas Sodal,"Jeevan Jyoti Superspeciality Hospital, Pimple Saudagar, Pune",800,16 years,N/A,2025-05-29 05:03:38
pune,Dr. Pandurang Sawant,"Dr. Sawants Clinic - Mother  Child Care, Dhanori, Pune",500,16 years,N/A,2025-05-29 05:03:38
pune,Dr. Yogesh Jadhav,"Tender Care Childrens Clinic, Wakad, Pune",500,16 years,N/A,2025-05-29 05:03:38
pune,Dr. Neelam Gote,"HealthyBuds - Children Clinic and Vaccination Centre, Pimple Saudagar, Pune",500,14 years,N/A,2025-05-29 05:03:38
pune,Dr. Prashant Wagh,"Atharva Child Clinic, Vishrantwadi, Pune",500,22 years,N/A,2025-05-29 05:03:38
pune,Dr. Nivedita Oswal,"Rainbow Childrens Clinic and Vaccination Center, Hadapsar, Pune",600,21 years,N/A,2025-05-29 05:03:38
pune,Dr. Avinash Itke,"Care  Cure Childrens Clinic And Vaccination Centre, Wakad, Pune",600,14 years,N/A,2025-05-29 05:03:39
pune,Dr. Sameer Mhatre,"Apollo Clinic, Viman Nagar, Pune",700,23 years,N/A,2025-05-29 05:04:17
pune,Dr. Nandkumar Banait,"Child Care Clinic, Thergaon, Pune",500,32 years,N/A,2025-05-29 05:04:17
pune,Dr. Sandip Prabhakar Bandewar,"Cloudnine Hospital, Kalyani Nagar, Pune",1000,20 years,N/A,2025-05-29 05:04:17
pune,Dr. Prateek Agarwal,"Aditya Birla Memorial Hospital, Pimpri-Chinchwad, Pune",1000,14 years,N/A,2025-05-29 05:04:17
pune,Dr. Rahul Zanje,"Cloudnine Hospital, Kalyani Nagar, Pune",1000,17 years,N/A,2025-05-29 05:04:17
pune,Dr. Surabhi Wattal Zutshi,"Zutshi Heart  Child Clinic, Rahatani, Pune",600,10 years,N/A,2025-05-29 05:04:17
pune,Dr. Kaustubh Prabhudesai,"Aditya Birla Memorial Hospital, Pimpri-Chinchwad, Pune",1000,14 years,N/A,2025-05-29 05:04:17
pune,Dr. Rohan Gundecha,"Rainbow Child Care, Kondhwa, Pune",500,9 years,N/A,2025-05-29 05:04:17
pune,Dr. Srujan Topale,"Neopedia Child Clinic and Vaccination Centre, Kharadi, Pune",500,13 years,N/A,2025-05-29 05:04:17
pune,Dr. Amrita Shirude,"Elite Pediatric  Vaccination Clinic, Wakad, Pune",700,11 years,N/A,2025-05-29 05:04:17
pune,Dr. Sambhaji S. Mahadik,"Umarji Mother  Child Care, Baner, Pune",500,19 years,N/A,2025-05-29 05:04:17
pune,Dr. Anupama Tapadia,"Dr Tapadias Medizen Clinic, Hadapsar, Pune",400,18 years,N/A,2025-05-29 05:04:17
pune,Dr. Pankhuri Sisodia,"Cloudnine Hospitals - Baner, Baner, Pune",1000,11 years,N/A,2025-05-29 05:04:17
pune,Dr. Prasad Balte,"Benecare Hospital, Baner, Pune",500,17 years,N/A,2025-05-29 05:04:18
pune,Dr. Atul Pralhad Palwe,"Motherhood Hospital, Lulla Nagar, Pune",650,21 years,N/A,2025-05-29 05:04:18
pune,Dr. Amit P Ghawade,"Durwankur Multispeciality Clinic, Bhosari, Pune",500,15 years,N/A,2025-05-29 05:04:18
pune,Dr. Dhanashree Kulkarni,"Umarji Mother  Child Care, Baner, Pune",500,15 years,N/A,2025-05-29 05:04:18
pune,Dr. Geetanjali Ingale,"Manipal Hospital, Kharadi - Pune, Kharadi, Pune",650,16 years,N/A,2025-05-29 05:04:18
pune,Dr. Tushar Parikh,"Motherhood Hospital, Kharadi, Pune",750,25 years,N/A,2025-05-29 05:04:18
pune,Dr. Jagdish Kathwate,"Motherhood Hospital, Kharadi, Pune",800,13 years,N/A,2025-05-29 05:04:18
raipur,Dr. Prashant,"Sparsh Mother And Child Care, Kabir Nagar, Raipur",500,23 years,N/A,2025-05-29 05:05:00
raipur,Dr. Purnima Margekar,"Lifeline Polyclinic  Diagnostic Center, Bhatgaon, Raipur",350,17 years,N/A,2025-05-29 05:05:00
raipur,Dr. Nikita Patel,"Kilkari ( Child Care Hospital), Shanker Nagar, Raipur",400,7 years,N/A,2025-05-29 05:05:00
raipur,Dr. Ashok Bhattar,"Bal Gopal Children Hospital, Byron Bazar, Raipur",250,35 years,N/A,2025-05-29 05:05:00
raipur,Dr. K. C. Pant,"NeoKids Clinic, Mowa, Raipur",200,49 years,N/A,2025-05-29 05:05:00
raipur,Dr. Puja Dhupar,"Petals Newborn and Children Hospital, Samta Colony, Raipur",300,21 years,N/A,2025-05-29 05:05:00
raipur,Dr. Anand Bhattar,"Dr. Bhattar Clinic, Byron Bazar, Raipur",250,10 years,N/A,2025-05-29 05:05:00
raipur,Dr. Prankur Pandey,"Yashoda Pediatric and Neonatal Clinic, Rajendra Nagar, Raipur",200,15 years,N/A,2025-05-29 05:05:00
raipur,Dr. Ashok Sundrani,"Dr Ashok Sundrani Clinic, Kalibadi, Raipur",200,40 years,N/A,2025-05-29 05:05:00
raipur,Dr. Ashish Mishra,"Bal Gopal Children Hospital, Byron Bazar, Raipur",250,7 years,N/A,2025-05-29 05:05:00
raipur,Dr. Chandra Vikas Rathore,"Mahanadi Hospital  Research Centre, Gudhiyari, Raipur",200,23 years,N/A,2025-05-29 05:05:37
raipur,Dr. Reeta Mukherjee,"Dr. Mukherjees Childcare  Neurocare Clinic, Shanker Nagar, Raipur",200,21 years,N/A,2025-05-29 05:05:37
raipur,Dr. Mohd Shoeb Khan,"I. H. Khans Childrens Clinic, Avanti Vihar, Raipur",250,11 years,N/A,2025-05-29 05:05:37
raipur,Dr. Alok Agrawal,"The Childrens Clinic, Mowa, Raipur",400,14 years,N/A,2025-05-29 05:05:37
raipur,Dr. Anoop Verma,"Swapnil Nursing Children Home, Telibandha, Raipur",200,37 years,N/A,2025-05-29 05:05:37
raipur,Dr. ARUN KUMAR,"Bhattar Hospital, Byron Bazar, Raipur",250,21 years,N/A,2025-05-29 05:05:38
raipur,Dr. Ruchi Aujla,"The Nest Mother  Child Clinic, Mowa, Raipur",200,18 years,N/A,2025-05-29 05:05:38
raipur,Dr. Nilay Mozarker,"Chanda Child Clinic, DDU Nagar, Raipur",200,16 years,N/A,2025-05-29 05:05:38
raipur,Dr. Kavita Lall,"Anjali Clinic, Mathpurena, Raipur",100,21 years,N/A,2025-05-29 05:05:38
raipur,Dr. Arun Agrawalla,"Muskan Child Care Clinic, Pandri, Raipur",150,19 years,N/A,2025-05-29 05:05:38
raipur,Dr. Rupa Utmani,"Utmani Child Care, Civil Lines, Raipur",500,34 years,N/A,2025-05-29 05:05:38
raipur,Dr. Avinash Agrawal,"B S Polyclinic, Mowa, Raipur",300,12 years,N/A,2025-05-29 05:05:38
raipur,Dr. Itishree Verma,"Devkripa Hospital, Shanker Nagar, Raipur",300,13 years,N/A,2025-05-29 05:05:38
raipur,Dr. CV Rathore,"Mahanadi Hospital  Research Centre, Gudhiyari, Raipur",200,23 years,N/A,2025-05-29 05:05:38
raipur,Dr. Gajanan Yelme,"Shishu Care, Pandri, Raipur",200,12 years,N/A,2025-05-29 05:05:38
raipur,Dr. Akash Rai,"Dr. Rais Children Clinic  Vaccination Centre, Shanker Nagar, Raipur",300,13 years,N/A,2025-05-29 05:05:38
raipur,Dr. Anuj Gautam,"Dr Anuj PediaCure, Raipur Ganj, Raipur",500,12 years,N/A,2025-05-29 05:05:38
rajkot,Dr. Trupati Vaishnani,"Wockhardt Hospital, Rajkot Kalavad Road, Rajkot",1200,24 years,N/A,2025-05-29 05:06:55
rajkot,Dr. Rushi Suchak,"Sanidhya Child Care, Rajkot Collectorate, Rajkot",1000,11 years,N/A,2025-05-29 05:06:55
rajkot,Dr. Meera Dhami,"Sunrise Hospital, Rajkot Kalavad Road, Rajkot",600,16 years,N/A,2025-05-29 05:06:55
rajkot,Dr. Niraj Patel,"Shri Navjivan Children Hospital, Rajkot Bhaktinagar, Rajkot",300,16 years,N/A,2025-05-29 05:06:55
rajkot,Dr. Nirav J Karmata,"Akshar Child Care, Hari Nagar, Rajkot",400,23 years,N/A,2025-05-29 05:06:56
rajkot,Dr. Parth Mali,"Pulse Hospital, Railnagar, Rajkot",300,6 years,N/A,2025-05-29 05:06:56
rajkot,Dr. Nishant Dharsandia,"Hem Onc Care Center, Rajkot Manahar Plot, Rajkot",800,12 years,N/A,2025-05-29 05:06:56
rajkot,Dr. Divyang Bhimani,"Divine Child Care Clinic, Mavdi, Rajkot",300,16 years,N/A,2025-05-29 05:06:56
rajkot,Dr. Atul Rathod,"Dr Atul Rathod Clinic, Rajkot Manahar Plot, Rajkot",600,48 years,N/A,2025-05-29 05:06:56
rajkot,Dr. Bhatt Vivek Prafulchandra,"Anish Hospital, Rajkot Race Course Road, Rajkot",400,6 years,N/A,2025-05-29 05:06:56
rajkot,Dr. Tejas Trivedi,"Trivedi Hospital, Nana Mava, Rajkot",300,29 years,N/A,2025-05-29 05:07:31
rajkot,Dr. N. N. Sankharava,"Child Care Centre, Rajkot New Jagnath Plot, Rajkot",400,25 years,N/A,2025-05-29 05:07:31
rajkot,Dr. Jaydeep Kansagra,"Spandan Children Hospital, Mota Mava, Rajkot",200,11 years,N/A,2025-05-29 05:07:31
rajkot,Dr. Hiren Mashru,"Nihit Babycare Children Hospital, Rajkot Bhaktinagar, Rajkot",200,13 years,N/A,2025-05-29 05:07:31
rajkot,Dr. MITUL UNADKAT,"Sanidhya Neonatal and Child Unit, Rajkot Municipal Corporation, Rajkot",400,13 years,N/A,2025-05-29 05:07:32
rajkot,Dr. Bhargav Sorathia,"Killol Children Hospital, Sadhu Vaswani Road, Rajkot",400,27 years,N/A,2025-05-29 05:07:32
rajkot,Dr. Tarun Gondalia,"Child And Neurology Epilepsy center, Rajkot New Jagnath Plot, Rajkot",1000,19 years,N/A,2025-05-29 05:07:32
ranchi,Dr. Sunita Katyayan,"Dr. S. Katyayan Clinic, Ratu, Ranchi",600,47 years,N/A,2025-05-29 05:09:12
ranchi,Dr. Anitabh Kumar,"New Born  Child Care Centre, Harmu Housing Colony, Ranchi",300,24 years,N/A,2025-05-29 05:09:12
ranchi,Dr. Kailash Prasad,"Siddharth Medicals, Kanke Road, Ranchi",200,38 years,N/A,2025-05-29 05:09:12
ranchi,Dr. Amit Mohan,"Dr. Amit Mohan Clinic, DDM, OIC Ltd, Kadru, Ranchi",400,25 years,N/A,2025-05-29 05:09:12
ranchi,Dr. Subash Poddar,"Poddar Vaccination Centre, Ratu, Ranchi",300,23 years,N/A,2025-05-29 05:09:12
ranchi,Dr. Rakesh Kumar,"New Born And Child Clinic, Kadru, Ranchi",300,26 years,N/A,2025-05-29 05:09:13
ranchi,Dr. Bhavya Kumar Jain,"Jinwani Hospital, Lalpur, Ranchi",400,15 years,N/A,2025-05-29 05:09:13
ranchi,Dr. Chandan Barnwal,"Baba Baidyanath Medical, Kokar, Ranchi",500,7 years,N/A,2025-05-29 05:09:13
ranchi,Dr. Rakesh Kumar,"Vatsalya Children and Dental Hospital, Hinoo, Ranchi",400,18 years,N/A,2025-05-29 05:09:13
ranchi,Dr. Kumar Abhishek,"Shri Balram Children Hospital, Harmu Housing Colony, Ranchi",400,9 years,N/A,2025-05-29 05:09:13
ranchi,Dr. S S Sidana,"Dr S S Sidana Clinic, Ranchi, Ranchi",500,34 years,N/A,2025-05-29 05:09:50
ranchi,Dr. Praveen Narsaria,"Sree Shyam Medical Hall, Upper Bazar, Ranchi",300,15 years,N/A,2025-05-29 05:09:51
thiruvananthapuram,Dr. Sukanya V,"Dr. Sukanya V Pediatric Clinic, Kannammoola, Thiruvananthapuram",600,7 years,N/A,2025-05-29 05:16:40
thiruvananthapuram,Dr. Prema J Kumar,"Vijaya Non Surgical Spine Institute, Vanchiyur, Thiruvananthapuram",400,39 years,N/A,2025-05-29 05:16:40
thiruvananthapuram,Dr. Lalitha Kailas,"Dr. Lalitha Kailas Pediatrics Clinic, Kaudiar, Thiruvananthapuram",150,49 years,N/A,2025-05-29 05:16:40
thiruvananthapuram,Dr. Sastha L P,"Ponnambalam Child Care, Neyyattinkara, Thiruvananthapuram",400,38 years,N/A,2025-05-29 05:16:40
thiruvananthapuram,Dr. Jose Mammen,"Dr. Jose Mammen, Pattom Palace, Thiruvananthapuram",300,51 years,N/A,2025-05-29 05:16:40
thiruvananthapuram,Dr. Sarah T Kuruvila,"Sasikala Polyclinic, Palayam, Thiruvananthapuram",100,51 years,N/A,2025-05-29 05:16:41
thiruvananthapuram,Dr. Sanitha Anilkumar,"Aarjav Pediatric Clinic, TV University, Thiruvananthapuram",200,28 years,N/A,2025-05-29 05:16:41
thiruvananthapuram,Dr. Elizabeth Mathew,"Dr Elizabeth Mathew Clinic, Panangode, Thiruvananthapuram",100,50 years,N/A,2025-05-29 05:16:41
thiruvananthapuram,Dr. Shahanaz Ahamed M,"Dr. Shahanaz Pediatrician Neurology Clinic, Pattom, Thiruvananthapuram",500,20 years,N/A,2025-05-29 05:16:41
thiruvananthapuram,Dr. Roy Sankar,"Dr Roy Sankar, Nalanchira, Thiruvananthapuram",300,39 years,N/A,2025-05-29 05:16:41
thiruvananthapuram,Dr. Mohammed Farook,"Dr farooks childrens hospital, Ambalathara, Thiruvananthapuram",250,36 years,N/A,2025-05-29 05:17:15
thiruvananthapuram,Dr. Praveen KS,"Pediatric Clinic, Pattom, Thiruvananthapuram",300,18 years,N/A,2025-05-29 05:17:15
thiruvananthapuram,Dr. Reeba Ann Daniel,"Dr. Reeba Ann Daniel, Kudappanakunnu, Thiruvananthapuram",200,12 years,N/A,2025-05-29 05:17:15
thiruvananthapuram,Dr. Divya Varghese,"Credence Hospital, Ulloor, Thiruvananthapuram",300,15 years,N/A,2025-05-29 05:17:16
thiruvananthapuram,Dr. Aravind S,"NIMS Hospital, Balaramapuram, Thiruvananthapuram",200,9 years,N/A,2025-05-29 05:17:16
vadodara,Dr. Vinit M Mehta,"Aashrey Child Clinic, New Sama Road, Vadodara",500,9 years,N/A,2025-05-29 05:18:48
vadodara,Dr. Ashvin Shah,"Dr. Ashvin Shah Clinic, Manjalpur, Vadodara",400,44 years,N/A,2025-05-29 05:18:48
vadodara,Dr. Sarbani Raha,"Child Neurology  Epilepsy Clinic, Makarpura, Vadodara",1500,20 years,N/A,2025-05-29 05:18:48
vadodara,Dr. Jigar Shah,"Aashray Children Hospital, Waghodia Road, Vadodara",200,13 years,N/A,2025-05-29 05:18:48
vadodara,Dr. Hitesh Desai,"Urmil Children Hospital, Sama, Vadodara",400,38 years,N/A,2025-05-29 05:18:48
vadodara,Dr. Palak P Shah,"Amrut Child Care, Ajwa Road, Vadodara",500,16 years,N/A,2025-05-29 05:18:48
vadodara,Dr. Vandan H Kumar,"Ved Childrens Clinic, Makarpura, Vadodara",300,12 years,N/A,2025-05-29 05:18:48
vadodara,Dr. Samir R Shah,"Samir Hospital, Dandia Bazar, Vadodara",400,26 years,N/A,2025-05-29 05:18:49
vadodara,Dr. Rahul Thanawala,"Akshar Hospital, Akota, Vadodara",400,32 years,N/A,2025-05-29 05:18:49
vadodara,Dr. Ritesh V. Shah,"Vraj Children Hospital, Waghodia Road, Vadodara",300,24 years,N/A,2025-05-29 05:18:49
vadodara,Dr. Lalit Nainiwal,"Pragya Child Clinic, Gotri, Vadodara",200,18 years,N/A,2025-05-29 05:19:25
vadodara,Dr. Bhavin Soni,"Vatsalya Children Hospital, Tarsali, Vadodara",250,27 years,N/A,2025-05-29 05:19:25
vadodara,Dr. Chetan M Chawda,"Heet Child Care, Akota, Vadodara",300,19 years,N/A,2025-05-29 05:19:25
vadodara,Dr. Manali Vilyesh Patel,"Sharada Hospital, Chhota-udepur, Vadodara",500,11 years,N/A,2025-05-29 05:19:25
vadodara,Dr. Vijaya Shree Mishra,"Divyam Womens Hospital, Ellora Park, Vadodara",300,12 years,N/A,2025-05-29 05:19:25
vadodara,Dr. Uma Nayak,"Luxor Hospital, Saiyed Vasna, Vadodara",1200,43 years,N/A,2025-05-29 05:19:25
vadodara,Dr. Manish,"Kilkari child care, Sun Pharma Road, Vadodara",300,15 years,N/A,2025-05-29 05:19:25
vadodara,Dr. Nawaz Patel,"SSG Hospital, Sayajiganj, Vadodara",1,12 years,N/A,2025-05-29 05:19:25
vadodara,Dr. Bhavesh Shah,"Riddhi Children Hospital, Sama, Vadodara",800,31 years,N/A,2025-05-29 05:19:25
vadodara,Dr. Nilay Chaudhari,"RAINBOW CHILDREN HOSPITAL, Sama, Vadodara",500,12 years,N/A,2025-05-29 05:19:25
vadodara,Dr. Hardik Dave,"Sparsh Child Care Clinic, Manjalpur, Vadodara",N/A,12 years,N/A,2025-05-29 05:19:25
vadodara,Dr. Viral Patel,"Shree Krishna Children and Dental Hospital, Manjalpur, Vadodara",300,11 years,N/A,2025-05-29 05:19:25
vadodara,Dr. Ronaksinh Rameshchandra Solanki,"R Apple Children Hospital, Waghodia Road, Vadodara",350,13 years,N/A,2025-05-29 05:19:26
vadodara,Dr. Tomar Sadhana,"R Apple Children Hospital, Waghodia Road, Vadodara",350,12 years,N/A,2025-05-29 05:19:26
vadodara,Dr. Pradhyumn Pamecha,"Dhiraj Hospital, Waghodia, Vadodara",300,7 years,N/A,2025-05-29 05:19:26
vadodara,Dr. Anmol Patel,"Adhyamaheshwar Multi-speciality Hospital, Nizampura Road, Vadodara",500,6 years,N/A,2025-05-29 05:19:26
vadodara,Dr. Gautam Shah,"Ganga Clinic, Raopura, Vadodara",400,13 years,N/A,2025-05-29 05:19:26
varanasi,Vatsalya Children Hospital,N/A,500,38 years,N/A,2025-05-29 05:20:17
varanasi,Dr. Divyank Pathak,"Vatsalya Children Hospital, Orderly Bazaar, Varanasi",500,23 years,N/A,2025-05-29 05:20:52
varanasi,Dr. Rahul Gupta,"SPDM Clinic, Mahmoorganj, Varanasi",300,12 years,N/A,2025-05-29 05:20:52
varanasi,Dr. Kanchan Shukla,"Oriana Hospital, Lanka, Varanasi",400,11 years,N/A,2025-05-29 05:20:52
visakhapatnam,Dr. Anita Tripathy,"Medicover Woman  Child Hospitals, Jagadamba Junction, Visakhapatnam",500,35 years,N/A,2025-05-29 05:22:24
visakhapatnam,Dr. Garuda Rama,"Medicover Woman  Child Hospitals, Jagadamba Junction, Visakhapatnam",500,34 years,N/A,2025-05-29 05:22:24
visakhapatnam,Dr. Sai Sunil Kishore M,"Medicover Woman  Child Hospitals, Jagadamba Junction, Visakhapatnam",500,16 years,N/A,2025-05-29 05:22:24
visakhapatnam,Dr. K.T.V. Lakshman Kumar,"Medicover Hospitals - Visakhapatnam, Maharani Peta, Visakhapatnam",500,17 years,N/A,2025-05-29 05:22:24
visakhapatnam,Dr. Sree Harsha Yarlagadda,"Apollo Healthcity Hospital, Ram Nagar, Visakhapatnam",400,13 years,N/A,2025-05-29 05:22:24
visakhapatnam,Dr. Manasa Gundapaneni,"Medicover Hospitals - Visakhapatnam, Maharani Peta, Visakhapatnam",300,14 years,N/A,2025-05-29 05:22:24
visakhapatnam,Dr. Mounica Adari,"Veda Childrens Clinic, Gopalapatnam, Visakhapatnam",300,8 years,N/A,2025-05-29 05:22:24
visakhapatnam,Dr. Santhi Meher Peddi,"Dr Santhi Childrens Clinic, Kancharapalem, Visakhapatnam",350,14 years,N/A,2025-05-29 05:22:24
visakhapatnam,Dr. Ananth Vemana,"Aditya Childrens Clinic, Madhurawada, Visakhapatnam",500,22 years,N/A,2025-05-29 05:22:24
visakhapatnam,Dr. Shrikanth R,"Lotus Hospitals For Women And Children, Siripuram, Visakhapatnam",350,15 years,N/A,2025-05-29 05:22:24
visakhapatnam,Dr. Radha Krishna K,"Omni RK Super Speciality Hospital, Ram Nagar, Visakhapatnam",600,40 years,N/A,2025-05-29 05:23:01
visakhapatnam,Dr. Sriharsha Badana,"Tirumala Vijaya Hospital, MVP Colony, Visakhapatnam",300,14 years,N/A,2025-05-29 05:23:01
visakhapatnam,Dr. P Sateesh Kumar,"Satya Child Clinic, Maharani Peta, Visakhapatnam",300,18 years,N/A,2025-05-29 05:23:01
visakhapatnam,Dr. Rajni Mukherjee,"Seven Hills Hospitals, Waltair R S, Visakhapatnam",400,43 years,N/A,2025-05-29 05:23:01
visakhapatnam,Dr. T P Gandhi,"Narendra Poly Clinic, MVP Colony, Visakhapatnam",250,58 years,N/A,2025-05-29 05:23:01
visakhapatnam,Dr. K Seshagiri,"Omni RK Super Speciality Hospital, Ram Nagar, Visakhapatnam",300,34 years,N/A,2025-05-29 05:23:02
visakhapatnam,Dr. D V Ramabhadra Raju,"Lakshmi Vijaya Childrens Hospital, Thagarapuvalasa, Visakhapatnam",200,11 years,N/A,2025-05-29 05:23:02
visakhapatnam,Dr. B Rajsekhar,"Omni RK Super Speciality Hospital, Ram Nagar, Visakhapatnam",300,29 years,N/A,2025-05-29 05:23:02
visakhapatnam,Dr. Phani Krishna,"Krishna Childrens Hospital, Akkayyapalem, Visakhapatnam",300,11 years,N/A,2025-05-29 05:23:02
visakhapatnam,Dr. K Ravi Kiran Reddy,"Dr. K. Ravi Kiran Reddy Clinic, Akkayyapalem, Visakhapatnam",200,17 years,N/A,2025-05-29 05:23:02
visakhapatnam,Dr. G. Ganesh Babu,"G. Ganesh Babu Clinic, Seethammadhara, Visakhapatnam",200,38 years,N/A,2025-05-29 05:23:39
visakhapatnam,Dr. N.L Narasimha Rao,"Chandamama Childrens Clinic, Gajuwaka, Visakhapatnam",150,20 years,N/A,2025-05-29 05:23:39
visakhapatnam,Dr. Suchitra Pusapati,"Sri Krishna ENT Clinic  Sanhiti Childrens Clinic, H B Colony, Visakhapatnam",300,23 years,N/A,2025-05-29 05:23:39
visakhapatnam,Dr. P.Satish Chandra,"Dr. P. Satish Chandras Clinic, Maharani Peta, Visakhapatnam",200,17 years,N/A,2025-05-29 05:23:39
visakhapatnam,Dr. Kedari Nagarjuna,"GVK Prime Clinics, MVP Colony, Visakhapatnam",300,14 years,N/A,2025-05-29 05:23:39
visakhapatnam,Dr. P. Rama Krishna Raju,"Child Health Care Clinic, Marripalem, Visakhapatnam",200,36 years,N/A,2025-05-29 05:23:39
visakhapatnam,Dr. Ch. Suman,"Safe Children Clinic, Maddilapalem, Visakhapatnam",200,14 years,N/A,2025-05-29 05:23:39
visakhapatnam,Dr. Manga deepankuri korada,"Hashmika Child Clinic, Kancharapalem, Visakhapatnam",250,16 years,N/A,2025-05-29 05:23:40
visakhapatnam,Dr. V Muddukrishna,"Dr. Madhu Krishna Children Hospital, Gajuwaka, Visakhapatnam",120,42 years,N/A,2025-05-29 05:23:40
visakhapatnam,Dr. Arisetty Srikant,"Kalavathi Hospitals, Akkayyapalem, Visakhapatnam",150,25 years,N/A,2025-05-29 05:23:40
visakhapatnam,Dr. Santhosh Kumar Routhu,"Susruta ENT Clinic, Dwarakanagar, Visakhapatnam",500,8 years,N/A,2025-05-29 05:23:40
visakhapatnam,Dr. KNSSV Chalapathi Rao,"Sri Kamaraju Clinic, Maharani Peta, Visakhapatnam",400,16 years,N/A,2025-05-29 05:23:40
visakhapatnam,Dr. K kameshwari,"Doctors Plaza, Maharani Peta, Visakhapatnam",200,31 years,N/A,2025-05-29 05:23:40
visakhapatnam,Dr. Y. Sreeharsha,"Sree Health Care, Seethammadhara, Visakhapatnam",250,16 years,N/A,2025-05-29 05:23:40
visakhapatnam,Dr. R. Kishore Raju,"Visakha Child Care Centre, Gajuwaka, Visakhapatnam",150,18 years,N/A,2025-05-29 05:23:40
visakhapatnam,Dr. Kartheek Nalluri,"Omni RK Super Speciality Hospital, Ram Nagar, Visakhapatnam",500,17 years,N/A,2025-05-29 05:23:40
visakhapatnam,Dr. Valapala Venkatesh,"Dr.V.Venkatesh Child Care Clinic, Dwarakanagar, Visakhapatnam",400,10 years,N/A,2025-05-29 05:23:40
visakhapatnam,Dr. Talacheru Tirupathi,"Sunrise Childrens Hospital, Gajuwaka, Visakhapatnam",350,20 years,N/A,2025-05-29 05:23:40
visakhapatnam,Dr. Harischandra,"Ujwal Hospital, Madhurawada, Visakhapatnam",200,25 years,N/A,2025-05-29 05:23:40
visakhapatnam,Dr. Uday Dipakrao Gajare,"Asian Institute of Nephrology and Urology, Dwarakanagar, Visakhapatnam",600,15 years,N/A,2025-05-29 05:23:41
